"Data","R.lowerCI","R.medio","R.upperCI","Consolidato"
2020-02-04,2.75090007505333,3.18684776495693,3.65439015488888,"Si"
2020-02-05,2.25186504044268,2.59682458248848,2.96600794083635,"Si"
2020-02-06,1.83575901971856,2.11620897766346,2.41630271873025,"Si"
2020-02-07,1.49494443049778,1.7284676452578,1.97869005964708,"Si"
2020-02-08,1.1216001711857,1.31258101073164,1.51835568084534,"Si"
2020-02-09,0.898026450599514,1.06290249840782,1.24146885401178,"Si"
2020-02-10,1.0657859567065,1.24092175409084,1.42918458656786,"Si"
2020-02-11,1.0188541031351,1.18680374829664,1.36737844622032,"Si"
2020-02-12,1.1060826281168,1.27788840655427,1.46191555320025,"Si"
2020-02-13,1.18885945393776,1.36347351320966,1.54987746537335,"Si"
2020-02-14,1.38430871599254,1.56811698017991,1.76321680343094,"Si"
2020-02-15,1.96056610205966,2.17155678358051,2.39317492719196,"Si"
2020-02-16,2.07919314665153,2.28453137150803,2.49940024683902,"Si"
2020-02-17,2.12404950149698,2.31773358497495,2.51974764369341,"Si"
2020-02-18,2.31467420534586,2.5020856611467,2.69668861646293,"Si"
2020-02-19,2.21363393651292,2.38232221682603,2.5571165968755,"Si"
2020-02-20,2.78706069382659,2.96104590490909,3.14022440592478,"Si"
2020-02-21,2.81170031441718,2.96976657720204,3.13209446103522,"Si"
2020-02-22,2.69317139961834,2.83234723577447,2.97497995556988,"Si"
2020-02-23,2.77151134046235,2.89875735522059,3.02881923182557,"Si"
2020-02-24,2.83206989873112,2.94783978102748,3.06589629141401,"Si"
2020-02-25,2.89361329361901,2.99874444457867,3.10572528821996,"Si"
2020-02-26,2.76993032039468,2.86217682987131,2.9559132352712,"Si"
2020-02-27,2.51331618292232,2.59241344064659,2.67271904904422,"Si"
2020-02-28,2.51584121632631,2.58771433488599,2.66058559042591,"Si"
2020-02-29,2.36482855941754,2.42832220190948,2.4926452575619,"Si"
2020-03-01,2.64004832446281,2.70151841925855,2.76368609476168,"Si"
2020-03-02,2.55153465548113,2.60657255949098,2.66218958666372,"Si"
2020-03-03,2.44002505871312,2.48909715449358,2.53865101963508,"Si"
2020-03-04,2.26814213457434,2.31145073713264,2.35516322915532,"Si"
2020-03-05,2.21134603414345,2.25075456639151,2.29050632782424,"Si"
2020-03-06,2.12918784442515,2.1649759994769,2.20105828818843,"Si"
2020-03-07,2.08667021588113,2.11959934087594,2.15278268590474,"Si"
2020-03-08,1.93906989602386,1.96866559232927,1.99848233296607,"Si"
2020-03-09,1.92514435053835,1.95280231231252,1.98065480453035,"Si"
2020-03-10,2.01311667919618,2.03971312601074,2.06648169631929,"Si"
2020-03-11,1.93269311976661,1.95715980402371,1.98177825251241,"Si"
2020-03-12,1.84225276525248,1.86472925434291,1.88734014049338,"Si"
2020-03-13,1.7735828060612,1.79441284865422,1.81536281638795,"Si"
2020-03-14,1.66536054949935,1.6844977794782,1.70374282626667,"Si"
2020-03-15,1.60859518181232,1.62651918284732,1.64454111839843,"Si"
2020-03-16,1.50890118668937,1.52551165342998,1.54221178967904,"Si"
2020-03-17,1.33246754871001,1.34748096401753,1.36257732386102,"Si"
2020-03-18,1.273403957932,1.28763667459724,1.30194739484789,"Si"
2020-03-19,1.19181729655636,1.20524485231967,1.21874658518678,"Si"
2020-03-20,1.16907574184872,1.18211487862297,1.19522532784073,"Si"
2020-03-21,1.10282734463521,1.11528643180089,1.1278145340157,"Si"
2020-03-22,1.00931065042249,1.02108463166657,1.03292594475111,"Si"
2020-03-23,0.963236919483006,0.974659030788295,0.986147534181032,"Si"
2020-03-24,0.924154167909701,0.935311307331618,0.946534466091119,"Si"
2020-03-25,0.891457525857249,0.902424275484429,0.913457142414177,"Si"
2020-03-26,0.864449915756868,0.875290753015629,0.886198208605004,"Si"
2020-03-27,0.792908131781097,0.803358575242848,0.813876489421604,"Si"
2020-03-28,0.786273905199363,0.796790103984014,0.807375194969407,"Si"
2020-03-29,0.760639207532446,0.771116125876612,0.781663713051482,"Si"
2020-03-30,0.755849866897297,0.766452203294993,0.777127359919389,"Si"
2020-03-31,0.745467317624884,0.756171530933502,0.766950991918486,"Si"
2020-04-01,0.77644925115336,0.787567384922126,0.798763460696243,"Si"
2020-04-02,0.776670174685181,0.787981809028485,0.799374089153626,"Si"
2020-04-03,0.769439455376089,0.780890408133074,0.792424768800688,"Si"
2020-04-04,0.759977565309294,0.771554093449975,0.783216915104958,"Si"
2020-04-05,0.768511780152992,0.780358497002132,0.792294570755393,"Si"
2020-04-06,0.742305003994716,0.754153061256689,0.766093625798811,"Si"
2020-04-07,0.752679103054002,0.764830474930649,0.777077801239178,"Si"
2020-04-08,0.700357509360467,0.712298802222036,0.724339638031034,"Si"
2020-04-09,0.700291710573196,0.712480269567438,0.724772527993735,"Si"
2020-04-10,0.728449387311835,0.741150789090328,0.753960445824052,"Si"
2020-04-11,0.725293270247726,0.738237258046743,0.751294141547843,"Si"
2020-04-12,0.740493766861903,0.753849621348687,0.767323191877571,"Si"
2020-04-13,0.728849433629096,0.74237275368397,0.756018656746065,"Si"
2020-04-14,0.742470569564436,0.756401373150397,0.770459858645872,"Si"
2020-04-15,0.767707566020479,0.782157659512287,0.79674061135247,"Si"
2020-04-16,0.779538536116763,0.794374088226179,0.809347541507812,"Si"
2020-04-17,0.743126268915636,0.75787024296977,0.772757037138189,"Si"
2020-04-18,0.757486593658545,0.772648471573017,0.787958504350385,"Si"
2020-04-19,0.741194513249236,0.756468848406249,0.771896804097377,"Si"
2020-04-20,0.793521377281422,0.809621851580083,0.825881783143148,"Si"
2020-04-21,0.774362884082105,0.790540594278337,0.806883228906065,"Si"
2020-04-22,0.737819397348364,0.753880676850261,0.770112492337027,"Si"
2020-04-23,0.725835769604392,0.742057985996294,0.758456994250181,"Si"
2020-04-24,0.705845838692965,0.722154356377171,0.738646543239338,"Si"
2020-04-25,0.696831229524354,0.713372154236708,0.730104404350413,"Si"
2020-04-26,0.695212730705535,0.712095308801523,0.729177607355056,"Si"
2020-04-27,0.65077239766333,0.667477319352809,0.684390989795993,"Si"
2020-04-28,0.642298323888176,0.659304281721928,0.676529346261486,"Si"
2020-04-29,0.626466409730835,0.643701955768533,0.661168133888029,"Si"
2020-04-30,0.611610790276039,0.629112568997714,0.646857803109202,"Si"
2020-05-01,0.610248723510951,0.628239022033354,0.646487020500242,"Si"
2020-05-02,0.60082265764008,0.619208374609501,0.637867315529238,"Si"
2020-05-03,0.600991685420883,0.619946278602413,0.63919104895602,"Si"
2020-05-04,0.565317304273253,0.584280642964335,0.603552449904171,"Si"
2020-05-05,0.568836896591903,0.588487770044863,0.608467673067898,"Si"
2020-05-06,0.566086062544585,0.586353671232749,0.606972769772864,"Si"
2020-05-07,0.566809329054983,0.587788599316682,0.609143772471396,"Si"
2020-05-08,0.575255308348896,0.597123617907579,0.619394169946854,"Si"
2020-05-09,0.573217256009248,0.595802208826695,0.618817432588314,"Si"
2020-05-10,0.600268990976811,0.62417442202259,0.648540088250148,"Si"
2020-05-11,0.609602144085839,0.634495325517533,0.659879676914621,"Si"
2020-05-12,0.614638029559824,0.640441648551188,0.666768404567489,"Si"
2020-05-13,0.622819069718709,0.649611141797636,0.676959507819171,"Si"
2020-05-14,0.626104738148941,0.653790857332764,0.682067552289119,"Si"
2020-05-15,0.622452859835387,0.650888074901001,0.679949463697737,"Si"
2020-05-16,0.648672278710125,0.678557411483929,0.709106120702541,"Si"
2020-05-17,0.639368958391833,0.669886257446559,0.701105004279721,"Si"
2020-05-18,0.650969223192298,0.682625330128001,0.715022438717831,"Si"
2020-05-19,0.637949213888544,0.670149823080898,0.703132090238266,"Si"
2020-05-20,0.653119979086057,0.686592605300401,0.720889934810888,"Si"
2020-05-21,0.65332882585873,0.687705968641884,0.722952132746289,"Si"
2020-05-22,0.629108095598925,0.663744156886807,0.699295260858876,"Si"
2020-05-23,0.626699540442454,0.662212271616009,0.69868989756042,"Si"
2020-05-24,0.62792386377412,0.66445493893175,0.702004305075081,"Si"
2020-05-25,0.618750868806998,0.656027909501411,0.694379898474394,"Si"
2020-05-26,0.617064967982545,0.655345540035876,0.69476183324258,"Si"
2020-05-27,0.606798568705424,0.645849363004374,0.686100696942132,"Si"
2020-05-28,0.60766498507108,0.647882045772519,0.689369495074937,"Si"
2020-05-29,0.614416342461729,0.656040107817383,0.699008725873466,"Si"
2020-05-30,0.634920179949603,0.678455567324929,0.723414099771205,"Si"
2020-05-31,0.652941736249469,0.698324120001605,0.745209607574405,"Si"
2020-06-01,0.652324475283187,0.698904203099041,0.747067452959443,"Si"
2020-06-02,0.609863039587491,0.656106348657515,0.70401553744599,"Si"
2020-06-03,0.599411313213028,0.646524056577149,0.695393741005245,"Si"
2020-06-04,0.607942945680426,0.656736208281942,0.70738607638656,"Si"
2020-06-05,0.647594634525063,0.699366049947889,0.753099942452981,"Si"
2020-06-06,0.66349562339925,0.717303262762085,0.773178851907885,"Si"
2020-06-07,0.700410896802224,0.757075280358602,0.815912354580081,"Si"
2020-06-08,0.712833338475081,0.771306078578478,0.832050865606615,"Si"
2020-06-09,0.793264282591644,0.856189248503303,0.921481680111913,"Si"
2020-06-10,0.805888790196022,0.870365506881952,0.937288162031596,"Si"
2020-06-11,0.821707112173962,0.887709204705075,0.956224618528552,"Si"
2020-06-12,0.815909621041583,0.882454396671308,0.95157063929186,"Si"
2020-06-13,0.821174672207921,0.888645892151748,0.95874297514543,"Si"
2020-06-14,0.850781372901418,0.920113723362544,0.992123161733274,"Si"
2020-06-15,0.841072999528342,0.910582873670668,0.982813137033308,"Si"
2020-06-16,0.838483149485701,0.908425666531867,0.981130041314073,"Si"
2020-06-17,0.819652550966977,0.889342455735952,0.961835164132245,"Si"
2020-06-18,0.818358370506815,0.888561623375657,0.96161259639751,"Si"
2020-06-19,0.793838053954801,0.863587739635345,0.936232453678236,"Si"
2020-06-20,0.799843669495363,0.870521753079661,0.944149429220892,"Si"
2020-06-21,0.789498524421476,0.860420167758144,0.934348605607147,"Si"
2020-06-22,0.773125935648397,0.844056590513147,0.918055730136094,"Si"
2020-06-23,0.758726513259184,0.8298070836776,0.90402474529395,"Si"
2020-06-24,0.795093606256047,0.868721681028364,0.945563414658389,"Si"
2020-06-25,0.817910530675985,0.893415533681341,0.97220629563485,"Si"
2020-06-26,0.849242322753116,0.926917851331164,1.00794380900363,"Si"
2020-06-27,0.864342528492211,0.943318778057372,1.02569824556388,"Si"
2020-06-28,0.868233712002927,0.947890056368572,1.03099236184998,"Si"
2020-06-29,0.884447092729025,0.965260325932298,1.04955593575702,"Si"
2020-06-30,0.88813627087585,0.969452088047853,1.0542787774084,"Si"
2020-07-01,0.922639929551325,1.00576750035245,1.09242935125653,"Si"
2020-07-02,0.925532862192513,1.00892107905419,1.0958546577355,"Si"
2020-07-03,0.896147295241262,0.978280455622206,1.06396324625956,"Si"
2020-07-04,0.903756677778865,0.986334256201339,1.07247023981509,"Si"
2020-07-05,0.918503423938303,1.00183734078717,1.08873804280423,"Si"
2020-07-06,0.934015193796043,1.0180845084304,1.10572476106278,"Si"
2020-07-07,0.989444136109455,1.07589298592595,1.16591068621375,"Si"
2020-07-08,0.971238389004035,1.05665569076567,1.1456215275577,"Si"
2020-07-09,0.968356093205702,1.05335953504458,1.14188794424467,"Si"
2020-07-10,1.03249644667029,1.11989750095331,1.21079884661375,"Si"
2020-07-11,1.04982685265841,1.13739871690234,1.22842857838365,"Si"
2020-07-12,1.0524146084016,1.13939065806265,1.22977066595039,"Si"
2020-07-13,1.03908541146488,1.1247450733294,1.21374911601916,"Si"
2020-07-14,1.03765750328081,1.1224956544638,1.21061991645539,"Si"
2020-07-15,1.01476387160988,1.09793498476716,1.18433527861911,"Si"
2020-07-16,1.00544979381044,1.08758737424264,1.17290395843862,"Si"
2020-07-17,0.983405357054779,1.06407274837287,1.14787459342183,"Si"
2020-07-18,0.986167682581143,1.06646764026656,1.14986574675695,"Si"
2020-07-19,1.00059908887099,1.08103406076444,1.16453428512363,"Si"
2020-07-20,1.04796695747192,1.12977828567212,1.2146206727769,"Si"
2020-07-21,1.04908157289559,1.13031308262394,1.2145305671098,"Si"
2020-07-22,1.05860253594703,1.13950415870715,1.22334232319522,"Si"
2020-07-23,1.09966154610507,1.18132692315199,1.26587578873216,"Si"
2020-07-24,1.09006884722737,1.17047696210417,1.25370573662228,"Si"
2020-07-25,1.11168581620256,1.19193009737423,1.27493101088872,"Si"
2020-07-26,1.09514169812815,1.17378809281772,1.25512290382058,"Si"
2020-07-27,1.06172476942665,1.13821527877476,1.21732858522761,"Si"
2020-07-28,1.05949186092958,1.13505057537422,1.21317486072858,"Si"
2020-07-29,1.05959029184169,1.1343614903894,1.21164572620671,"Si"
2020-07-30,1.02858822324884,1.10153169126584,1.17693851318735,"Si"
2020-07-31,1.02092563203727,1.0929684147272,1.16743253345857,"Si"
2020-08-01,1.04433684493979,1.11662122187621,1.19129009782064,"Si"
2020-08-02,1.05756878473,1.12970760555157,1.20419274543274,"Si"
2020-08-03,1.12067189983561,1.19424428894399,1.2701225884636,"Si"
2020-08-04,1.1567347479108,1.23060928749897,1.30673816776133,"Si"
2020-08-05,1.20951029492776,1.2839760223821,1.36063479365096,"Si"
2020-08-06,1.2694321034948,1.34439988237365,1.42148802103275,"Si"
2020-08-07,1.29805518106938,1.37229865543773,1.44857768736949,"Si"
2020-08-08,1.32557449361809,1.39886107884049,1.47409170731184,"Si"
2020-08-09,1.34135578328371,1.41321718594445,1.48692729900947,"Si"
2020-08-10,1.33581390006772,1.40562000983356,1.47717894921597,"Si"
2020-08-11,1.31845334963966,1.38593574782021,1.45507865632029,"Si"
2020-08-12,1.29556253336535,1.36068638068379,1.42738471974196,"Si"
2020-08-13,1.28961195138034,1.3529291244694,1.41774235944035,"Si"
2020-08-14,1.29976596657921,1.36175103640813,1.42515965514415,"Si"
2020-08-15,1.30526626455836,1.36583970070022,1.4277677026864,"Si"
2020-08-16,1.33752263109337,1.39730380815951,1.45837360652572,"Si"
2020-08-17,1.4464756031075,1.50699971817437,1.56874689685499,"Si"
2020-08-18,1.56299622995827,1.62398325315593,1.68612113242066,"Si"
2020-08-19,1.6106363653434,1.67031287117921,1.73105974458076,"Si"
2020-08-20,1.62074021366558,1.67821925358519,1.73668586405024,"Si"
2020-08-21,1.63166976351083,1.68693489104457,1.74310757479061,"Si"
2020-08-22,1.59094497192195,1.64318278120703,1.69625262229532,"Si"
2020-08-23,1.55544386227181,1.6049345017031,1.65518938998041,"Si"
2020-08-24,1.47033271853864,1.5165187978475,1.56340914286735,"Si"
2020-08-25,1.37340530262749,1.41641201405766,1.46007249512645,"Si"
2020-08-26,1.2987352783405,1.33922744364091,1.38033252567216,"Si"
2020-08-27,1.22772577908741,1.26602768110488,1.30490969970843,"Si"
2020-08-28,1.15909142052247,1.19546885699146,1.23240051368402,"Si"
2020-08-29,1.08065731461661,1.11515248897334,1.15018204266016,"Si"
2020-08-30,1.00511961586811,1.03795620700057,1.07131322405258,"Si"
2020-08-31,0.958914093879708,0.990732351953483,1.02306267368319,"Si"
2020-09-01,0.975172455861461,1.00713050085904,1.03959660889169,"Si"
2020-09-02,0.976169883326748,1.0080650305111,1.04046575014998,"Si"
2020-09-03,0.97923577323082,1.01112745858894,1.04352305040749,"Si"
2020-09-04,0.995479346388279,1.02758997734751,1.06020319895919,"Si"
2020-09-05,1.01889107120809,1.05131818393869,1.08424617247453,"Si"
2020-09-06,1.03662347446013,1.0692391205196,1.10235290483143,"Si"
2020-09-07,1.09108013469599,1.12440471066868,1.15822358483405,"Si"
2020-09-08,1.06215968604281,1.09483052228145,1.12798933706306,"Si"
2020-09-09,1.06189724033767,1.09434975507566,1.12728391445654,"Si"
2020-09-10,1.08643108885392,1.11903438547587,1.15211296443887,"Si"
2020-09-11,1.071204257105,1.10333219523685,1.13592822183615,"Si"
2020-09-12,1.07949619144983,1.11150474408114,1.14397442172673,"Si"
2020-09-13,1.07962339098422,1.11138427173152,1.14359916781526,"Si"
2020-09-14,1.07644120969809,1.10790454829949,1.13981479447449,"Si"
2020-09-15,1.10712117556839,1.13877600769829,1.17087080687935,"Si"
2020-09-16,1.11564242082984,1.14713345387424,1.1790566648366,"Si"
2020-09-17,1.11291932972335,1.14406579021685,1.17563610756083,"Si"
2020-09-18,1.13092944064055,1.16201095363226,1.1935079393133,"Si"
2020-09-19,1.14405697660664,1.17497936440554,1.20630835452134,"Si"
2020-09-20,1.16412255083049,1.19495022274494,1.22617515206008,"Si"
2020-09-21,1.15037297061965,1.18062874702337,1.21127178648027,"Si"
2020-09-22,1.1304900124204,1.16010282676779,1.19009316430038,"Si"
2020-09-23,1.11417257867904,1.14321837919797,1.17263272614274,"Si"
2020-09-24,1.08852892641261,1.11692099500626,1.14567350041283,"Si"
2020-09-25,1.09052272981604,1.11866293846798,1.14715661907428,"Si"
2020-09-26,1.08603477854249,1.11385882168634,1.14202989844248,"Si"
2020-09-27,1.09108106341781,1.11872560077365,1.14671117191809,"Si"
2020-09-28,1.13665603598699,1.16462357893211,1.19292629799295,"Si"
2020-09-29,1.16129080447146,1.18926689260786,1.21757133108073,"Si"
2020-09-30,1.25799452679244,1.28675941631149,1.31584494419862,"Si"
2020-10-01,1.42943983354122,1.45959808344256,1.49006678729744,"Si"
2020-10-02,1.53266108942484,1.56313448320195,1.59390368452894,"Si"
2020-10-03,1.62841434989544,1.6588498740333,1.68956328542713,"Si"
2020-10-04,1.67775417226119,1.70749863197029,1.73750082125455,"Si"
2020-10-05,1.75867991144757,1.78787068932349,1.81729840276148,"Si"
2020-10-06,1.78768096869233,1.81576259448749,1.84406003119012,"Si"
2020-10-07,1.79736021429293,1.82415169546782,1.85113863380827,"Si"
2020-10-08,1.76038754684492,1.78557959826863,1.81094814840046,"Si"
2020-10-09,1.74880927583526,1.77268101913807,1.79671234749003,"Si"
2020-10-10,1.7516586604769,1.77438637008663,1.79725854888521,"Si"
2020-10-11,1.69794039756301,1.71923209104171,1.74065461415337,"Si"
2020-10-12,1.71751644819523,1.73793066972011,1.75846382779615,"Si"
2020-10-13,1.71408229559636,1.73352624778146,1.7530783449094,"Si"
2020-10-14,1.696555616714,1.71500352982487,1.73354982086017,"Si"
2020-10-15,1.69075128786044,1.70832689833857,1.72599213126174,"Si"
2020-10-16,1.69147716016494,1.70826253490029,1.7251296383291,"Si"
2020-10-17,1.65650698783732,1.67237152630602,1.68831062648285,"Si"
2020-10-18,1.64594532547984,1.66106827787788,1.67625943225491,"Si"
2020-10-19,1.64220275148986,1.65666136882178,1.67118248180002,"Si"
2020-10-20,1.66409079547196,1.67802903195402,1.69202459491881,"Si"
2020-10-21,1.6385169381834,1.65175571416278,1.66504702240746,"Si"
2020-10-22,1.5946608573604,1.60717151700681,1.61973038527669,"Si"
2020-10-23,1.55796325553676,1.56982983490068,1.58174081360609,"Si"
2020-10-24,1.51489430743046,1.52614563898134,1.53743802397878,"Si"
2020-10-25,1.4792896213778,1.49000511379713,1.50075874223098,"Si"
2020-10-26,1.45761932898321,1.46789334144904,1.47820293695191,"Si"
2020-10-27,1.39875312784625,1.40849126326415,1.41826271342192,"Si"
2020-10-28,1.37424664874524,1.38361243011382,1.39300957908664,"Si"
2020-10-29,1.33972303693535,1.34871442829277,1.35773547612375,"Si"
2020-10-30,1.304835742118,1.31348228139478,1.32215698037623,"Si"
2020-10-31,1.25231475694621,1.26058710125673,1.268886301954,"Si"
2020-11-01,1.24122402137481,1.24928964711846,1.25738103330789,"Si"
2020-11-02,1.22098658132583,1.2288342604462,1.23670673173399,"Si"
2020-11-03,1.1924106450876,1.20003042346388,1.20767413554165,"Si"
2020-11-04,1.16513644084939,1.17254996123916,1.17998666781033,"Si"
2020-11-05,1.14750210118852,1.15475647005461,1.16203338192425,"Si"
2020-11-06,1.13199806797272,1.13911310049477,1.14625011577012,"Si"
2020-11-07,1.12808632098478,1.13510909046941,1.1421533512014,"Si"
2020-11-08,1.08386893272984,1.09068058411795,1.09751327824304,"Si"
2020-11-09,1.05847767486356,1.06515184939583,1.07184671023742,"Si"
2020-11-10,1.05541535612216,1.06203536411988,1.06867578340739,"Si"
2020-11-11,1.02854691028284,1.03504512209134,1.04156351433387,"Si"
2020-11-12,1.00485222292993,1.01124847166328,1.01766473306366,"Si"
2020-11-13,0.986393991477466,0.992715021677835,0.999055961930841,"Si"
2020-11-14,0.971720891185293,0.977987890078852,0.984274755217106,"Si"
2020-11-15,0.962904580307752,0.969144237869154,0.975403768714238,"Si"
2020-11-16,0.938986324734335,0.945155243153893,0.95134408071037,"Si"
2020-11-17,0.901040393840885,0.907099044938199,0.913177717027001,"Si"
2020-11-18,0.890409486989496,0.896460552779872,0.902531827169873,"Si"
2020-11-19,0.863718545285403,0.869714928015093,0.875731767492469,"Si"
2020-11-20,0.84809668202762,0.854085702060336,0.860095503274156,"Si"
2020-11-21,0.820826129574314,0.826773745060585,0.832742534324956,"Si"
2020-11-22,0.794625564749969,0.800543565146547,0.806483217995775,"Si"
2020-11-23,0.777074160937775,0.783003973449733,0.788956013890076,"Si"
2020-11-24,0.77058335646151,0.7765766161702,0.782592771584862,"Si"
2020-11-25,0.761979789223659,0.768035589435904,0.774115027605449,"Si"
2020-11-26,0.770587240955843,0.776781237108508,0.782999685045998,"Si"
2020-11-27,0.763543337875357,0.769815752950268,0.77611347194134,"Si"
2020-11-28,0.78363855418209,0.790105528492931,0.796598710576005,"Si"
2020-11-29,0.790637042328058,0.797244356868989,0.8038787854106,"Si"
2020-11-30,0.804706619440447,0.811483314158575,0.818288031255277,"Si"
2020-12-01,0.844724026105764,0.851776656685976,0.858858201384363,"Si"
2020-12-02,0.861734978214279,0.868956640328833,0.876208020218021,"Si"
2020-12-03,0.878398805064322,0.885778574209638,0.89318878757836,"Si"
2020-12-04,0.895705743790995,0.903237105788731,0.910799562836449,"Si"
2020-12-05,0.900999735922515,0.90862266778714,0.916277267428218,"Si"
2020-12-06,0.915442227589745,0.923189000227955,0.930967961937149,"Si"
2020-12-07,0.913331847868035,0.921124901013252,0.928950603098839,"Si"
2020-12-08,0.884023246569789,0.891741524122149,0.899492885535029,"Si"
2020-12-09,0.889577965952325,0.897378413255859,0.905212440955086,"Si"
2020-12-10,0.90626227378347,0.914195544681873,0.9221629101119,"Si"
2020-12-11,0.902200567162852,0.910172240875245,0.91817849356002,"Si"
2020-12-12,0.914531025761057,0.922613036119835,0.930730110052537,"Si"
2020-12-13,0.930844775146859,0.939051091246397,0.947292924625914,"Si"
2020-12-14,0.949249435631689,0.95758257473374,0.965951627982464,"Si"
2020-12-15,0.970484860869599,0.978948017549677,0.987447408317585,"Si"
2020-12-16,0.969546355141131,0.978031586860395,0.986553276622538,"Si"
2020-12-17,0.957390223184258,0.965842889480583,0.974332192458278,"Si"
2020-12-18,0.96563145727332,0.974142057927079,0.982689482502874,"Si"
2020-12-19,0.964840827667251,0.973367183939064,0.981930530451428,"Si"
2020-12-20,0.991688160453453,1.00035062947537,1.00905024743688,"Si"
2020-12-21,0.989373904920761,0.998035579668869,1.0067344830563,"Si"
2020-12-22,0.998637438777508,1.00734524501609,1.01609032913354,"Si"
2020-12-23,1.01396571302916,1.0227407370849,1.03155304571613,"Si"
2020-12-24,1.0401676974333,1.04904833736387,1.05796620501563,"Si"
2020-12-25,1.03744299026805,1.04629294546369,1.05517996879626,"Si"
2020-12-26,1.05928638203025,1.06820460331563,1.07715969266353,"Si"
2020-12-27,1.07696364391485,1.08592147376976,1.09491589122766,"Si"
2020-12-28,1.11572823301871,1.12479996741459,1.13390792548208,"Si"
2020-12-29,1.1188052465234,1.12782601736008,1.13688250872659,"Si"
2020-12-30,1.1149217335491,1.12385464669567,1.13282271086904,"Si"
2020-12-31,1.09772927926014,1.10651867895368,1.1153426423692,"Si"
2021-01-01,1.10944978841585,1.11821523797397,1.12701470181158,"Si"
2021-01-02,1.09935162931798,1.10800506643802,1.1166919590645,"Si"
2021-01-03,1.073492348775,1.08197514763351,1.0904908695093,"Si"
2021-01-04,1.05109672907521,1.05943237666255,1.06780049183947,"Si"
2021-01-05,1.03830972052409,1.04654771646229,1.05481781420737,"Si"
2021-01-06,1.00561134458078,1.01368172945225,1.02178392344085,"Si"
2021-01-07,0.987351797381666,0.995326034889156,1.0033319016209,"Si"
2021-01-08,0.955792237826507,0.963627827737842,0.971494963005562,"Si"
2021-01-09,0.922217377035421,0.929919016331311,0.937652238752082,"Si"
2021-01-10,0.895735909459536,0.903347711122948,0.910991273112234,"Si"
2021-01-11,0.850716136470469,0.858170999696383,0.865657934973617,"Si"
2021-01-12,0.818721982697501,0.826091880137571,0.83349434372192,"Si"
2021-01-13,0.808108781603446,0.81550645270027,0.822937364238608,"Si"
2021-01-14,0.794394367369661,0.801817924954689,0.809275530644677,"Si"
2021-01-15,0.792697586262791,0.800214156020781,0.807765704730829,"Si"
2021-01-16,0.796832940791791,0.804478260009926,0.812159576896848,"Si"
2021-01-17,0.797256657564704,0.805017438319872,0.812815289927867,"Si"
2021-01-18,0.810128053915795,0.818068662929135,0.826047462777996,"Si"
2021-01-19,0.827777525412304,0.835921512533826,0.844104814604577,"Si"
2021-01-20,0.861331729762373,0.869753234484807,0.878215142752329,"Si"
2021-01-21,0.880254456396528,0.88887034447738,0.897527613471116,"Si"
2021-01-22,0.90057954262143,0.909385220327028,0.918233146787538,"Si"
2021-01-23,0.926776352111771,0.935787888839385,0.944842423248353,"Si"
2021-01-24,0.948921355867258,0.958103569829238,0.967329384860058,"Si"
2021-01-25,0.963872636652565,0.973175134290205,0.982521689194577,"Si"
2021-01-26,0.967398022654678,0.976752463446372,0.986151292126556,"Si"
2021-01-27,0.959716110739494,0.969060046004898,0.978448622522557,"Si"
2021-01-28,0.966871083892845,0.976274665881091,0.985723126524301,"Si"
2021-01-29,0.95943022718951,0.968818759863681,0.97825237325101,"Si"
2021-01-30,0.951183550405847,0.960553495011622,0.969968729812481,"Si"
2021-01-31,0.945191924072617,0.954557130882309,0.963967867590342,"Si"
2021-02-01,0.970337227927087,0.979854536248849,0.989417649198024,"Si"
2021-02-02,0.986713095036179,0.996331783184665,1.00599648190964,"Si"
2021-02-03,1.00036416208581,1.01006154133649,1.01980505015467,"Si"
2021-02-04,1.00845393602924,1.01819349682287,1.0279792169227,"Si"
2021-02-05,1.02446698949532,1.03427888084033,1.04413688924706,"Si"
2021-02-06,1.04066296185945,1.05053757753821,1.06045817690818,"Si"
2021-02-07,1.05115113210915,1.06105010577782,1.07099483083877,"Si"
2021-02-08,1.0311035743295,1.04087407701142,1.05069001650906,"Si"
2021-02-09,1.02372284493739,1.03342757715913,1.04317745963435,"Si"
2021-02-10,1.03074429144781,1.04045487335647,1.05021035335974,"Si"
2021-02-11,1.02157677153656,1.03121614677989,1.04090016075637,"Si"
2021-02-12,1.01242702490502,1.02199836493354,1.03161411313547,"Si"
2021-02-13,0.997495038359566,1.00697561047857,1.01650040358795,"Si"
2021-02-14,0.997322018192609,1.00678912757232,1.01630034035358,"Si"
2021-02-15,1.01040905569517,1.01992882495345,1.02949261357802,"Si"
2021-02-16,1.02954885094645,1.03914621584273,1.04878749110129,"Si"
2021-02-17,1.05013012463568,1.05980271417464,1.06951903342607,"Si"
2021-02-18,1.09318697127822,1.10302381373919,1.11290410698565,"Si"
2021-02-19,1.12922890369549,1.13917298568259,1.14916005792777,"Si"
2021-02-20,1.18177810136757,1.19187281332165,1.20200986346529,"Si"
2021-02-21,1.21020667994065,1.22031328980911,1.23046134480919,"Si"
2021-02-22,1.24599669266971,1.25611766119229,1.26627900347911,"Si"
2021-02-23,1.26153164714143,1.27155794109907,1.28162337254752,"Si"
2021-02-24,1.25996131573126,1.26980966023431,1.27969581487266,"Si"
2021-02-25,1.24335414068312,1.25296255415313,1.26260744023535,"Si"
2021-02-26,1.23498933643912,1.24439619444116,1.25383824967937,"Si"
2021-02-27,1.20661410754448,1.21575140586124,1.22492269482939,"Si"
2021-02-28,1.18470537483501,1.19361312874857,1.2025537852524,"Si"
2021-03-01,1.20617222180402,1.21502642512738,1.2239125609323,"Si"
2021-03-02,1.20193236637893,1.21063794532505,1.21937450414785,"Si"
2021-03-03,1.19632337266873,1.20487897433498,1.21346463932005,"Si"
2021-03-04,1.19061304959434,1.19902305032057,1.2074622404408,"Si"
2021-03-05,1.19012590973461,1.19841360877489,1.20672966744374,"Si"
2021-03-06,1.18584109419436,1.19399666508638,1.202179798987,"Si"
2021-03-07,1.17979022329942,1.18781170825732,1.19585999515891,"Si"
2021-03-08,1.15097826470828,1.1587936624341,1.16663513961547,"Si"
2021-03-09,1.12560835773162,1.13324142273948,1.14089992534215,"Si"
2021-03-10,1.12169420062708,1.12923049857447,1.1367916805555,"Si"
2021-03-11,1.10227801715989,1.10967310745203,1.11709258017978,"Si"
2021-03-12,1.0818943683626,1.08915469578135,1.09643896784612,"Si"
2021-03-13,1.06273171378862,1.06987169503844,1.07703525117802,"Si"
2021-03-14,1.04964691426693,1.05669704836061,1.06377045431421,"Si"
2021-03-15,1.03334434565886,1.0403021970646,1.04728307249055,"Si"
2021-03-16,1.02153939526627,1.0284284059251,1.03534024796794,"Si"
2021-03-17,0.995424669590493,1.00220344157909,1.00900489930057,"Si"
2021-03-18,0.987532602471643,0.99427278538168,1.00103557554108,"Si"
2021-03-19,0.975684108695521,0.982378893370818,0.989096252218702,"Si"
2021-03-20,0.976165305761681,0.982863228897063,0.989583736238782,"Si"
2021-03-21,0.967272847757543,0.973944827427775,0.980639422295211,"Si"
2021-03-22,0.958453473150006,0.965103489030163,0.971776177723084,"Si"
2021-03-23,0.959077903092764,0.965742728557058,0.972430312978498,"Si"
2021-03-24,0.954236132436878,0.960898713317675,0.967584152850233,"Si"
2021-03-25,0.954997687206292,0.961679814309825,0.968384915876116,"Si"
2021-03-26,0.94950623822793,0.956187014522004,0.962890888355273,"Si"
2021-03-27,0.931406492507001,0.938043044931036,0.94470283199491,"Si"
2021-03-28,0.924913901555781,0.931552407546972,0.938214324439637,"Si"
2021-03-29,0.909658396763938,0.916271199425773,0.922907620536941,"Si"
2021-03-30,0.897551124665924,0.90415489873624,0.910782543473518,"Si"
2021-03-31,0.876434310679759,0.883000828530057,0.889591515495101,"Si"
2021-04-01,0.870114026232603,0.87670600540154,0.883322517365774,"Si"
2021-04-02,0.855996716462355,0.862589930756611,0.869208090205128,"Si"
2021-04-03,0.839562687777662,0.84615375491446,0.852770237035186,"Si"
2021-04-04,0.820326820705064,0.826910780720805,0.83352069332015,"Si"
2021-04-05,0.787612068438722,0.794140306140643,0.800695115294323,"Si"
2021-04-06,0.78768898322547,0.794307872586392,0.800954072231557,"Si"
2021-04-07,0.805625924507441,0.812418902602642,0.819240005624878,"Si"
2021-04-08,0.806073663898344,0.812968430201784,0.819892152747629,"Si"
2021-04-09,0.811361633408649,0.818380434362832,0.825429045730174,"Si"
2021-04-10,0.83963664708742,0.84687967675927,0.854153383301683,"Si"
2021-04-11,0.865125067505563,0.872574433597961,0.880055293490687,"Si"
2021-04-12,0.900742596433032,0.908432214275797,0.916154064341828,"Si"
2021-04-13,0.902619302178061,0.910390105782376,0.918193756175813,"Si"
2021-04-14,0.898659811849022,0.906478261034607,0.91433010600959,"Si"
2021-04-15,0.892552897245595,0.90040594341055,0.908292910420214,"Si"
2021-04-16,0.900299169779125,0.90824754671143,0.916230373529436,"Si"
2021-04-17,0.89009389859427,0.898055878213871,0.906052820018874,"Si"
2021-04-18,0.89884908351411,0.906911092407278,0.915008597900785,"Si"
2021-04-19,0.896431180432947,0.904541735117094,0.912688310658061,"Si"
2021-04-20,0.906143546774243,0.914357723886286,0.92260845182523,"Si"
2021-04-21,0.917586836820945,0.92591005396788,0.934270330660865,"Si"
2021-04-22,0.927052945140231,0.935471793532453,0.943928170610612,"Si"
2021-04-23,0.933393575747633,0.94188886478542,0.950422107129592,"Si"
2021-04-24,0.942566893899883,0.951147052297356,0.959765549291685,"Si"
2021-04-25,0.938066496559269,0.946664090699263,0.955300362877669,"Si"
2021-04-26,0.931254570385943,0.939857536602649,0.948499511054357,"Si"
2021-04-27,0.914203360630606,0.922765098730046,0.931366190166497,"Si"
2021-04-28,0.896446953747266,0.904968817858745,0.913530439035435,"Si"
2021-04-29,0.871502834534379,0.879957110349438,0.888451631101244,"Si"
2021-04-30,0.843000115589889,0.851378321650525,0.859797383139248,"Si"
2021-05-01,0.834215503877225,0.842628267926183,0.851082655858791,"Si"
2021-05-02,0.816753901038425,0.825166924028961,0.833622458795721,"Si"
2021-05-03,0.799904784718974,0.808330578184028,0.816799905673404,"Si"
2021-05-04,0.789575338866482,0.798058390446353,0.806586142306768,"Si"
2021-05-05,0.784712049592549,0.793291292926617,0.801916535007318,"Si"
2021-05-06,0.781906915819426,0.790601468955126,0.799343430688581,"Si"
2021-05-07,0.782650874249052,0.79148697807191,0.800371995992378,"Si"
2021-05-08,0.765347389458091,0.774226012891839,0.783155130980725,"Si"
2021-05-09,0.762088696922098,0.771098329839207,0.780160175093554,"Si"
2021-05-10,0.749925976457242,0.75901978479161,0.768167640103978,"Si"
2021-05-11,0.737131629621611,0.746312348718286,0.755549099674265,"Si"
2021-05-12,0.719383006703081,0.728626745476891,0.737928677932481,"Si"
2021-05-13,0.710237206453154,0.719609182810778,0.729041738474728,"Si"
2021-05-14,0.698007230899947,0.707496806062955,0.717049565932818,"Si"
2021-05-15,0.69386533623298,0.703538581116113,0.713277860709551,"Si"
2021-05-16,0.687640067399827,0.697492509366324,0.707414062076254,"Si"
2021-05-17,0.666469068691575,0.676399776292733,0.686402906619784,"Si"
2021-05-18,0.660404067141356,0.670536690381402,0.68074538693557,"Si"
2021-05-19,0.653378763209521,0.663718394786303,0.674138072196332,"Si"
2021-05-20,0.650859911956753,0.661454854193698,0.67213415025822,"Si"
2021-05-21,0.649145072007289,0.660013985784267,0.670971886178769,"Si"
2021-05-22,0.64585820566977,0.656998774785833,0.668233286375321,"Si"
2021-05-23,0.64998190437617,0.661470067045196,0.67305747092301,"Sottostima"
2021-05-24,0.648491528393333,0.660287452585985,0.672188219935872,"Sottostima"
2021-05-25,0.639136505913093,0.651175893893858,0.663326060353279,"Sottostima"
2021-05-26,0.63292379419295,0.645245895578929,0.657685141365081,"Sottostima"
2021-05-27,0.627892113356808,0.640520500026287,0.653272873292416,"Sottostima"
2021-05-28,0.620459037196536,0.633381752319193,0.646435809459822,"Sottostima"
2021-05-29,0.605064839001535,0.618209148214187,0.631492737542227,"Sottostima"
2021-05-30,0.585842430908631,0.59917669855185,0.612658927778251,"Forte sottostima"
2021-05-31,0.53987535230485,0.553090714741909,0.566463651500393,"Forte sottostima"
2021-06-01,0.499155320524037,0.512307932345972,0.525629201762902,"Forte sottostima"
2021-06-02,0.442913734669083,0.45577873935054,0.468825353474021,"Forte sottostima"
2021-06-03,0.380402838881959,0.392835405102317,0.405465093506357,"Forte sottostima"
2021-06-04,0.317600248003035,0.329507288263095,0.341630379771887,"Forte sottostima"
2021-06-05,0.261484456353691,0.272874533123195,0.284504021942611,"Forte sottostima"
