"Data","R.lowerCI","R.medio","R.upperCI","Consolidato"
2020-02-27,3.50848726315251,5.03704623893134,6.83765960767951,"Si"
2020-02-28,2.80936809863637,3.9324054387799,5.24133449596642,"Si"
2020-02-29,2.60954394684825,3.52733783262752,4.58129458434355,"Si"
2020-03-01,2.41187709904772,3.17627279356548,4.04427758018984,"Si"
2020-03-02,2.26701339926809,2.91938076967144,3.65298816928053,"Si"
2020-03-03,2.24706837762091,2.82532947555174,3.46880185315974,"Si"
2020-03-04,2.07663033334484,2.57601334740156,3.1283955871881,"Si"
2020-03-05,2.15983632329002,2.62071043797864,3.12548949445105,"Si"
2020-03-06,2.23407259555825,2.65922227636289,3.12085564598673,"Si"
2020-03-07,2.16277213362254,2.54262911482095,2.95276492848388,"Si"
2020-03-08,2.09128234401505,2.4317523844222,2.79752275155201,"Si"
2020-03-09,1.99328053509324,2.29779514525432,2.6236391184265,"Si"
2020-03-10,2.04040292383513,2.32400847809642,2.62580028451842,"Si"
2020-03-11,2.00529443843356,2.2646096177759,2.53946372587427,"Si"
2020-03-12,2.06022717333191,2.30311697103251,2.55934575251559,"Si"
2020-03-13,2.12773877982021,2.35576810860467,2.59523775001488,"Si"
2020-03-14,2.0295347648302,2.23513038325954,2.45050271529636,"Si"
2020-03-15,1.97015694772754,2.15775459762135,2.35376138759137,"Si"
2020-03-16,2.07469699272263,2.25348180361233,2.4395503342186,"Si"
2020-03-17,2.04541862821503,2.21010471765695,2.38107633584753,"Si"
2020-03-18,1.99457213071662,2.1455983335698,2.30205772983663,"Si"
2020-03-19,1.90517298708422,2.04260480302201,2.18475488587712,"Si"
2020-03-20,1.89803675786725,2.02625579143416,2.15860620398989,"Si"
2020-03-21,1.82271768995675,1.94044392662643,2.06180211299532,"Si"
2020-03-22,1.68470947877695,1.79117622101456,1.90085889152841,"Si"
2020-03-23,1.52382520474481,1.61969749016953,1.71845322961524,"Si"
2020-03-24,1.37787729253649,1.46491032199532,1.55457100224424,"Si"
2020-03-25,1.28834522907265,1.36936232203008,1.45281492289108,"Si"
2020-03-26,1.15314377912095,1.22746959007425,1.30408382450891,"Si"
2020-03-27,0.970260030581084,1.03694448054872,1.10581372792108,"Si"
2020-03-28,0.872913534923726,0.935402194663023,1.00002040330364,"Si"
2020-03-29,0.834120329724429,0.894958402136861,0.957907524486781,"Si"
2020-03-30,0.788806553228234,0.848075301880897,0.909460469211229,"Si"
2020-03-31,0.777542009204891,0.836751694448101,0.898103149386188,"Si"
2020-04-01,0.714921271431165,0.772255260329298,0.83176917597163,"Si"
2020-04-02,0.710848998939355,0.768777902285379,0.828943579168328,"Si"
2020-04-03,0.712759550298442,0.771665051560245,0.832875921557456,"Si"
2020-04-04,0.7182060174149,0.778320778785839,0.840817133491907,"Si"
2020-04-05,0.697677920974359,0.757963934632134,0.820712449758143,"Si"
2020-04-06,0.680315597820464,0.740953730059531,0.804143515757898,"Si"
2020-04-07,0.647734528287077,0.708095682597754,0.77110734893156,"Si"
2020-04-08,0.678230413796227,0.741300332730469,0.807134130976569,"Si"
2020-04-09,0.671970987968507,0.736097193523173,0.803103948559088,"Si"
2020-04-10,0.668769484601212,0.734124660064476,0.802482946842101,"Si"
2020-04-11,0.631253437211005,0.696174122734086,0.764226735386056,"Si"
2020-04-12,0.622549301566629,0.688541242339445,0.757809745643215,"Si"
2020-04-13,0.597602303994995,0.663882376938204,0.733597829660195,"Si"
2020-04-14,0.608657651286314,0.677287835251273,0.749531343776627,"Si"
2020-04-15,0.612081474461591,0.682731487198404,0.757184524906845,"Si"
2020-04-16,0.588301082162097,0.659452646986245,0.734607150342133,"Si"
2020-04-17,0.597286549220139,0.670951376858517,0.748837743298661,"Si"
2020-04-18,0.647732958382946,0.726485685927693,0.809691052694878,"Si"
2020-04-19,0.647710777000882,0.728476774535171,0.813919453755653,"Si"
2020-04-20,0.669027887339309,0.753076063777251,0.842025283217532,"Si"
2020-04-21,0.635283773218468,0.719113520612603,0.80806301338055,"Si"
2020-04-22,0.579420796085878,0.661463758690806,0.748859837085644,"Si"
2020-04-23,0.63659085089175,0.724673565632035,0.818380658630164,"Si"
2020-04-24,0.661340354122888,0.75326327556913,0.851080769260704,"Si"
2020-04-25,0.651270309458107,0.744592932631851,0.84407294980866,"Si"
2020-04-26,0.676451829954026,0.773617413468276,0.877208458199872,"Si"
2020-04-27,0.674181475603644,0.773202065254634,0.878908497677589,"Si"
2020-04-28,0.673106173916094,0.774028755661947,0.881898004442654,"Si"
2020-04-29,0.673901535048692,0.776853858928536,0.88701735565722,"Si"
2020-04-30,0.632942754924507,0.734744182771984,0.844025670675357,"Si"
2020-05-01,0.559557899267683,0.657488788160316,0.763200451678342,"Si"
2020-05-02,0.515062366482253,0.611501204925593,0.71609344003751,"Si"
2020-05-03,0.489642482877339,0.586475341376825,0.691915508108534,"Si"
2020-05-04,0.484824582996698,0.584285461455859,0.692888123033912,"Si"
2020-05-05,0.470055406439661,0.571396874166944,0.682483360621366,"Si"
2020-05-06,0.467854911272695,0.572599043032572,0.687765533144558,"Si"
2020-05-07,0.485355685868158,0.595882012626945,0.717576422518747,"Si"
2020-05-08,0.559748932354865,0.682354878238598,0.816921245243417,"Si"
2020-05-09,0.577001268705893,0.705465967523967,0.846649238921171,"Si"
2020-05-10,0.533406840591182,0.6608693281013,0.801782536834404,"Si"
2020-05-11,0.497097039230329,0.624106117968717,0.765346754940122,"Si"
2020-05-12,0.520404780241671,0.654325867195692,0.803349414763575,"Si"
2020-05-13,0.484099543023817,0.617599657139498,0.767110246823349,"Si"
2020-05-14,0.427473538875843,0.557554109747637,0.704649940690739,"Si"
2020-05-15,0.415187528338707,0.548181781941223,0.699370875272565,"Si"
2020-05-16,0.409987178276031,0.547329265413358,0.704207069376871,"Si"
2020-05-17,0.460627760642693,0.611449922011516,0.783303885827263,"Si"
2020-05-18,0.546066911999334,0.715585223711993,0.907668588921615,"Si"
2020-05-19,0.535914741392098,0.709455077734274,0.9069630636651,"Si"
2020-05-20,0.520190231817783,0.696514350554951,0.89817643680019,"Si"
2020-05-21,0.536816136130832,0.720978885157721,0.93188311569854,"Si"
2020-05-22,0.488247413924691,0.669375953788262,0.878636952882108,"Si"
2020-05-23,0.541810064310698,0.737394937793448,0.962654244714376,"Si"
2020-05-24,0.569067518396902,0.774491902180544,1.01108358481823,"Si"
2020-05-25,0.550619834617995,0.75780164399192,0.997554890406836,"Si"
2020-05-26,0.590081910911581,0.808988702581359,1.06189558278781,"Si"
2020-05-27,0.64495474815729,0.877773222987439,1.14591526968438,"Si"
2020-05-28,0.56646592868749,0.789370540884305,1.04868159305357,"Si"
2020-05-29,0.535242639271781,0.756356166249059,1.01510215023279,"Si"
2020-05-30,0.590167277324582,0.826085058867004,1.10105333314397,"Si"
2020-05-31,0.574210158204288,0.811421516177324,1.08900510443585,"Si"
2020-06-01,0.574922094253606,0.816543663400251,1.09988816535906,"Si"
2020-06-02,0.536687768354948,0.774967855502054,1.05633291089229,"Si"
2020-06-03,0.615052241238025,0.873539241686364,1.17666147809735,"Si"
2020-06-04,0.715103152122113,0.996496582392194,1.32384928163749,"Si"
2020-06-05,0.727273718268869,1.01345627210273,1.34638029020974,"Si"
2020-06-06,0.650201477930549,0.923460590650866,1.24390577057788,"Si"
2020-06-07,0.679658362995922,0.960431318577517,1.28899047848566,"Si"
2020-06-08,0.644218743470436,0.919803043254491,1.24368938914287,"Si"
2020-06-09,0.566621482746827,0.828394877170549,1.1390953910006,"Si"
2020-06-10,0.491890058912237,0.74024896134757,1.0385582536801,"Si"
2020-06-11,0.376205509564452,0.600301109879201,0.875913831278178,"Si"
2020-06-12,0.349706587035354,0.572514265770385,0.849349347365847,"Si"
2020-06-13,0.347290826198013,0.576832466677656,0.863662722451199,"Si"
2020-06-14,0.345592224363542,0.583117226332296,0.881758990878324,"Si"
2020-06-15,0.265484434483822,0.485604382141034,0.771084119613436,"Si"
2020-06-16,0.400233596565818,0.675313529244668,1.02117335791745,"Si"
2020-06-17,0.367674818115855,0.64325326137796,0.994639154767989,"Si"
2020-06-18,0.491979944865908,0.817153762049367,1.22348391181521,"Si"
2020-06-19,0.589366500589216,0.952102575704445,1.40042400764137,"Si"
2020-06-20,0.647273137113302,1.03283650219253,1.50703665682288,"Si"
2020-06-21,0.736075843983927,1.14882810489978,1.65198096725052,"Si"
2020-06-22,0.853977879125582,1.29585692519334,1.82840728260926,"Si"
2020-06-23,0.650828636398308,1.03850991768673,1.51531487423772,"Si"
2020-06-24,0.609288957618456,0.984286662572187,1.44776278086153,"Si"
2020-06-25,0.609495874124233,0.984620929514588,1.44825444579663,"Si"
2020-06-26,0.611826672822637,0.988386259647843,1.45379277627684,"Si"
2020-06-27,0.61512621954777,0.993716570977916,1.46163299869123,"Si"
2020-06-28,0.54448941920804,0.904369338516824,1.35406748081208,"Si"
2020-06-29,0.551554344884086,0.916103822117276,1.37163694272412,"Si"
2020-06-30,0.636477389657193,1.0282086977533,1.51236661042956,"Si"
2020-07-01,0.641841502838263,1.03687424961442,1.52511255522107,"Si"
2020-07-02,0.529195029283946,0.89290995546324,1.35021115089782,"Si"
2020-07-03,0.575191801889519,0.955364440601499,1.43041992496592,"Si"
2020-07-04,0.504395435821278,0.865860133693897,1.32339069256425,"Si"
2020-07-05,0.594163451953263,0.986875390150668,1.47759971120681,"Si"
2020-07-06,0.521485429091917,0.895197321953835,1.36822999209821,"Si"
2020-07-07,0.450192504708474,0.804356996071643,1.25960273896138,"Si"
2020-07-08,0.503865649839892,0.881521405835596,1.36306453251703,"Si"
2020-07-09,0.559805096011099,0.960977996332311,1.46876993941243,"Si"
2020-07-10,0.398954399761998,0.749269401031942,1.20814417490213,"Si"
2020-07-11,0.369229037938169,0.714570564434482,1.17201711413928,"Si"
2020-07-12,0.340885303359146,0.68286811642281,1.14165343552341,"Si"
2020-07-13,0.404323754980224,0.782489523098856,1.28341574415725,"Si"
2020-07-14,0.374853808494834,0.75091449123313,1.25541680462617,"Si"
2020-07-15,0.495355016540636,0.930317742486328,1.5000718831504,"Si"
2020-07-16,0.566775189266887,1.03670302227676,1.64616561676887,"Si"
2020-07-17,0.634173198105555,1.13307450320092,1.77436605220011,"Si"
2020-07-18,0.810278657963872,1.367181927945,2.06738011276807,"Si"
2020-07-19,0.625704282326243,1.1179431281003,1.75067070098905,"Si"
2020-07-20,1.01497796530867,1.61957330126061,2.36315847496683,"Si"
2020-07-21,1.19345105604657,1.82699081270002,2.593268121335,"Si"
2020-07-22,1.10672734622887,1.69423009303963,2.40482484090492,"Si"
2020-07-23,0.974144457475284,1.50529021251194,2.15016241582892,"Si"
2020-07-24,1.04598134285009,1.57410500294714,2.20844584502201,"Si"
2020-07-25,0.848182487915195,1.31064832087818,1.87213517798595,"Si"
2020-07-26,0.885606226617045,1.34385092378637,1.89612507987761,"Si"
2020-07-27,0.543106983096952,0.90207318217802,1.35062955949297,"Si"
2020-07-28,0.428575086081435,0.749799301676284,1.15938742707241,"Si"
2020-07-29,0.363555617930483,0.66498889685298,1.05592617558725,"Si"
2020-07-30,0.375933345411372,0.687629315366983,1.09187656611004,"Si"
2020-07-31,0.245802040235786,0.512580013449232,0.875732878290592,"Si"
2020-08-01,0.261554412877989,0.545429014104607,0.931854750267854,"Si"
2020-08-02,0.240821761655486,0.526658410699165,0.922424020250802,"Si"
2020-08-03,0.218372710287981,0.5058096609513,0.911891066839168,"Si"
2020-08-04,0.282925945452118,0.61873697689553,1.08369644937051,"Si"
2020-08-05,0.3567416660346,0.743926485713907,1.27098377907271,"Si"
2020-08-06,0.436848745893001,0.875103964090029,1.46304304303607,"Si"
2020-08-07,0.57938194092325,1.08812726492868,1.75452863131098,"Si"
2020-08-08,0.53264178766672,1.03082397034584,1.69072642373181,"Si"
2020-08-09,0.733985418524397,1.31140856462499,2.05363268793142,"Si"
2020-08-10,0.66369472405208,1.21398102691107,1.92766277609758,"Si"
2020-08-11,0.782522148869626,1.36903562485007,2.11689006260326,"Si"
2020-08-12,0.82403280235853,1.41455909738074,2.16202856640305,"Si"
2020-08-13,0.854582257140952,1.44193532240071,2.18041823732253,"Si"
2020-08-14,0.817046476981471,1.37860125851914,2.08464781975538,"Si"
2020-08-15,0.8384645974862,1.39264721525956,2.08514179562865,"Si"
2020-08-16,0.747518569495754,1.26128692761825,1.90725130090895,"Si"
2020-08-17,0.77296902130862,1.28386238158978,1.92226364462967,"Si"
2020-08-18,0.646483380468637,1.10977250484439,1.69618919571829,"Si"
2020-08-19,0.731214956726508,1.21451099580632,1.81842724478815,"Si"
2020-08-20,0.571401784131732,0.999677005576444,1.54576424492205,"Si"
2020-08-21,0.614099459756871,1.05418130808551,1.61122296443408,"Si"
2020-08-22,0.611186925862305,1.04918156619999,1.60358130082233,"Si"
2020-08-23,0.704128453290561,1.16952168594841,1.75106697629135,"Si"
2020-08-24,1.03464154291158,1.58387776671712,2.24818849222816,"Si"
2020-08-25,1.08504660777679,1.63289460697107,2.29092678275744,"Si"
2020-08-26,1.06516757583554,1.59047724989135,2.21941754486254,"Si"
2020-08-27,1.46594247236065,2.0519490322566,2.73495482959873,"Si"
2020-08-28,1.44260764511835,1.99336432387055,2.63178786713956,"Si"
2020-08-29,1.36197197620861,1.86723219541341,2.4509682447009,"Si"
2020-08-30,1.28744391335272,1.75219082651606,2.28744984572671,"Si"
2020-08-31,1.25358386706032,1.68896700706655,2.18824587442921,"Si"
2020-09-01,1.25058435093065,1.66471394512936,2.13716299751837,"Si"
2020-09-02,1.14632536040786,1.52592970774526,1.95899152388837,"Si"
2020-09-03,1.06261898341613,1.41450405863116,1.81594305904078,"Si"
2020-09-04,1.0396739728929,1.37634202287668,1.7595072850924,"Si"
2020-09-05,1.16579214303443,1.51052608583385,1.89923258025813,"Si"
2020-09-06,1.17262133640028,1.50710974059241,1.88293055762232,"Si"
2020-09-07,1.26329423302332,1.59817906799985,1.97184129426186,"Si"
2020-09-08,1.21043371161222,1.52651784331035,1.87871548989845,"Si"
2020-09-09,1.2088696163781,1.51342434847846,1.8516785321446,"Si"
2020-09-10,1.1891378041392,1.48071757977157,1.8037878823987,"Si"
2020-09-11,1.25435629788669,1.54334701550421,1.86184723187633,"Si"
2020-09-12,1.15839064664092,1.4268559694506,1.72288161235861,"Si"
2020-09-13,1.21297213702491,1.47865838954691,1.77026279345497,"Si"
2020-09-14,1.1511167790763,1.40191340269369,1.67705768962868,"Si"
2020-09-15,1.2082061553549,1.45725130688182,1.72928663180771,"Si"
2020-09-16,1.22214170171441,1.46491285307933,1.72935142566833,"Si"
2020-09-17,1.2885090673714,1.52976590512037,1.7914197398565,"Si"
2020-09-18,1.27166458119611,1.50336007393387,1.75415923323926,"Si"
2020-09-19,1.26900308575769,1.49267784923608,1.73424057974131,"Si"
2020-09-20,1.12356490878622,1.32750340425015,1.54819849477308,"Si"
2020-09-21,1.10349253844771,1.30010980347202,1.51260874973538,"Si"
2020-09-22,1.10448940461229,1.29644340241791,1.50355028900903,"Si"
2020-09-23,1.00781700306811,1.18738706438178,1.38146182584735,"Si"
2020-09-24,0.844621843314966,1.00669656012771,1.18278583859737,"Si"
2020-09-25,0.783693661763329,0.938678778680735,1.10744025925596,"Si"
2020-09-26,0.740671567509333,0.891196674848532,1.05543893173233,"Si"
2020-09-27,0.778094839223461,0.932658732857397,1.10101751509556,"Si"
2020-09-28,0.697097129113705,0.844349525919483,1.00550151539217,"Si"
2020-09-29,0.586647172298363,0.723422818534424,0.874315625331718,"Si"
2020-09-30,0.645325272549273,0.790614613879327,0.95043421564698,"Si"
2020-10-01,0.808830976661321,0.973207975755026,1.15256442856325,"Si"
2020-10-02,0.874783881347262,1.0470216998121,1.23450782126067,"Si"
2020-10-03,1.02166553812052,1.20781155788727,1.40930561680878,"Si"
2020-10-04,1.09167394267434,1.28273299076738,1.48897200312056,"Si"
2020-10-05,1.20961826943766,1.40777057621308,1.62073222050789,"Si"
2020-10-06,1.28734739367088,1.48730869445149,1.70149420064893,"Si"
2020-10-07,1.33360803877641,1.53149222749494,1.74286545313893,"Si"
2020-10-08,1.31595491851342,1.50636751190435,1.70945836100637,"Si"
2020-10-09,1.3750216490817,1.5631662334192,1.76319940703391,"Si"
2020-10-10,1.3650514417855,1.54592578482815,1.73788974025874,"Si"
2020-10-11,1.39518287951857,1.57145082550188,1.75805232861899,"Si"
2020-10-12,1.40700037297768,1.57746648847775,1.75753875322191,"Si"
2020-10-13,1.42626385872489,1.59141928119694,1.7654918425773,"Si"
2020-10-14,1.40861451618811,1.56648467915971,1.73261892638184,"Si"
2020-10-15,1.30291686051674,1.44916160686368,1.6030728433681,"Si"
2020-10-16,1.22971020275087,1.36711598569747,1.51169412196721,"Si"
2020-10-17,1.35798211010902,1.49800075967444,1.6447907321401,"Si"
2020-10-18,1.44490758359953,1.5846612669053,1.73077379670175,"Si"
2020-10-19,1.51972200306172,1.65788060202633,1.80196393050854,"Si"
2020-10-20,1.53454010473628,1.66787079221602,1.80667645978117,"Si"
2020-10-21,1.48372136814749,1.60942897163798,1.74017523336316,"Si"
2020-10-22,1.50282402145286,1.62421014901554,1.7502434314007,"Si"
2020-10-23,1.4966118790571,1.61283942154423,1.73335154040856,"Si"
2020-10-24,1.34857882994315,1.45457490796315,1.56452382015913,"Si"
2020-10-25,1.22060836805931,1.31803612231797,1.41915146634605,"Si"
2020-10-26,1.16706556768332,1.25971360468328,1.35584999244587,"Si"
2020-10-27,1.08804233994567,1.1755065961156,1.26630397991121,"Si"
2020-10-28,1.09158335033569,1.17764169667308,1.26691877608848,"Si"
2020-10-29,1.09558498193623,1.18047991978133,1.26849771431355,"Si"
2020-10-30,1.07763027741208,1.16064490609429,1.24669599613264,"Si"
2020-10-31,1.09724333784298,1.17991746191475,1.26555173384479,"Si"
2020-11-01,1.08125309955024,1.16227039724166,1.24617300041151,"Si"
2020-11-02,1.04957417146912,1.1284362796838,1.21011446285501,"Si"
2020-11-03,1.06121954604076,1.13965764224337,1.22085265012509,"Si"
2020-11-04,1.03537658447067,1.11205964668641,1.19144320487335,"Si"
2020-11-05,1.03684859880512,1.11287320759158,1.19154930256475,"Si"
2020-11-06,1.00843834116298,1.08277518425632,1.15971802471584,"Si"
2020-11-07,0.980761546265403,1.05354745741005,1.12890165218935,"Si"
2020-11-08,0.942696685560899,1.01367654946357,1.08719613656802,"Si"
2020-11-09,0.894089679722964,0.963015699049249,1.03446462957668,"Si"
2020-11-10,0.871648876560272,0.939695633003466,1.01026347951551,"Si"
2020-11-11,0.896918682429494,0.966062791618179,1.03773779478958,"Si"
2020-11-12,0.834847836289532,0.901746692808158,0.971187217782034,"Si"
2020-11-13,0.837555628403643,0.90488405612174,0.974778266163363,"Si"
2020-11-14,0.817077231647788,0.883990658567105,0.953499995462279,"Si"
2020-11-15,0.823656307343635,0.891331429034226,0.961640349277589,"Si"
2020-11-16,0.828278746353586,0.896674032816375,0.967743937326422,"Si"
2020-11-17,0.799908371859665,0.867680236980139,0.938168558836625,"Si"
2020-11-18,0.727498490460006,0.792786396113342,0.860839644213503,"Si"
2020-11-19,0.715566202485952,0.781148851659869,0.849565851231648,"Si"
2020-11-20,0.679096201476257,0.743974146303694,0.811769492072257,"Si"
2020-11-21,0.643299878756119,0.707595175068383,0.77490890486669,"Si"
2020-11-22,0.655062870785846,0.721257847644223,0.790593185351561,"Si"
2020-11-23,0.653210176670984,0.720734897044072,0.791533134797314,"Si"
2020-11-24,0.66117915787515,0.730610596502423,0.803458711751686,"Si"
2020-11-25,0.668622026338315,0.739982560339856,0.814909243530739,"Si"
2020-11-26,0.658263937199483,0.730633010480839,0.806721908080391,"Si"
2020-11-27,0.690835872056645,0.766566132505093,0.846178294840493,"Si"
2020-11-28,0.733271265776204,0.81285225707095,0.896473930676697,"Si"
2020-11-29,0.728127417594504,0.80888403119437,0.893826361934313,"Si"
2020-11-30,0.720157351363602,0.801859733675737,0.887888771669474,"Si"
2020-12-01,0.746125107266221,0.830643204837969,0.919630537012456,"Si"
2020-12-02,0.752537467376304,0.838714825375936,0.929496389097345,"Si"
2020-12-03,0.804542701470649,0.894847882766095,0.989887071954919,"Si"
2020-12-04,0.757445704034798,0.846156741560059,0.939709262891454,"Si"
2020-12-05,0.730931290461186,0.819179286668098,0.912383893972108,"Si"
2020-12-06,0.699386423467112,0.786920505868818,0.879540942876615,"Si"
2020-12-07,0.717671085061437,0.807661452732324,0.902890110318351,"Si"
2020-12-08,0.666866380028165,0.75504559320173,0.848620650601894,"Si"
2020-12-09,0.662209115647862,0.75164104510158,0.846655076615777,"Si"
2020-12-10,0.675248567119344,0.7672374054067,0.865014950512601,"Si"
2020-12-11,0.688459303548185,0.783080262180132,0.883705111978397,"Si"
2020-12-12,0.670257099674308,0.765386553132658,0.866736728294753,"Si"
2020-12-13,0.723818992849282,0.824426125025916,0.931484705869328,"Si"
2020-12-14,0.737694070641642,0.84093694174719,0.950843042350198,"Si"
2020-12-15,0.810401025669821,0.920082955791625,1.03662482486423,"Si"
2020-12-16,0.873079573849965,0.98805121887735,1.11003097830107,"Si"
2020-12-17,0.845263570258215,0.959171979532235,1.08017591263721,"Si"
2020-12-18,0.882253440375363,0.999155270255329,1.12322448473502,"Si"
2020-12-19,0.933749455689737,1.05425872747856,1.1819758312681,"Si"
2020-12-20,0.897321327340847,1.01548525215655,1.14085187727659,"Si"
2020-12-21,0.921519644667131,1.04116162304617,1.16799980715755,"Si"
2020-12-22,0.918609194571597,1.03787330579456,1.16431089485927,"Si"
2020-12-23,0.854656205771659,0.96958400480136,1.0916564502395,"Si"
2020-12-24,0.869320713195511,0.985233466649917,1.1082949508079,"Si"
2020-12-25,0.81026925383603,0.922383204968825,1.04165600981102,"Si"
2020-12-26,0.833515489744963,0.947565639763811,1.06882245690706,"Si"
2020-12-27,0.879133112896813,0.996601464143411,1.12132883551316,"Si"
2020-12-28,0.926081965034646,1.04679964192639,1.17480567860015,"Si"
2020-12-29,0.972084057771593,1.09560228920567,1.22640080703147,"Si"
2020-12-30,1.03353110535102,1.16031179037388,1.29432097864715,"Si"
2020-12-31,1.05741484129221,1.18463859819033,1.31898475213073,"Si"
2021-01-01,1.06415005606964,1.19044961806775,1.32372928278805,"Si"
2021-01-02,1.04989603533279,1.17387933033577,1.30468224357763,"Si"
2021-01-03,1.02204744699913,1.14294373503784,1.27050034779053,"Si"
2021-01-04,0.909103956565919,1.02204708613837,1.14150738926852,"Si"
2021-01-05,0.846912151573121,0.955360231988141,1.07024703431496,"Si"
2021-01-06,0.815763801436744,0.922101161108941,1.03485866533259,"Si"
2021-01-07,0.75193763509063,0.854373793987807,0.963256092465761,"Si"
2021-01-08,0.797137626866544,0.903202879071906,1.01579665172896,"Si"
2021-01-09,0.837402511493425,0.94678101151606,1.06277580812715,"Si"
2021-01-10,0.863067463603444,0.974675260353579,1.09297092476621,"Si"
2021-01-11,0.862930403676628,0.974965672047483,1.09373961902761,"Si"
2021-01-12,0.905212560536993,1.02023373967839,1.14203438056839,"Si"
2021-01-13,0.913626917434352,1.02927446289183,1.15171389547098,"Si"
2021-01-14,0.91624142581322,1.0319997228249,1.15454425070349,"Si"
2021-01-15,0.910673276109783,1.02594694754622,1.14799054878446,"Si"
2021-01-16,0.861152972801185,0.973181557872425,1.09196112240287,"Si"
2021-01-17,0.828356485647936,0.938345511936867,1.05509129419749,"Si"
2021-01-18,0.869672837057909,0.982583483477939,1.10228546059994,"Si"
2021-01-19,0.835795292773957,0.94677204254513,1.06456622530972,"Si"
2021-01-20,0.837512654522657,0.948950112664373,1.06724676087481,"Si"
2021-01-21,0.891389813861049,1.00666012280674,1.1288377679251,"Si"
2021-01-22,0.890767780748098,1.0061867641088,1.12853493481906,"Si"
2021-01-23,0.902438588826452,1.01867743992181,1.14185581240578,"Si"
2021-01-24,0.915944483397527,1.03300459394406,1.15700203472784,"Si"
2021-01-25,0.927626614738036,1.04527042247473,1.16983578092793,"Si"
2021-01-26,0.937497744699292,1.05549468030613,1.180384489885,"Si"
2021-01-27,0.894548963035673,1.00954543970622,1.1313945844822,"Si"
2021-01-28,0.867857995791982,0.980985996422053,1.1009441282412,"Si"
2021-01-29,0.860995527715631,0.973683678451457,1.0932013214088,"Si"
2021-01-30,0.855899073488889,0.968377567473729,1.0876990111884,"Si"
2021-01-31,0.834984497821558,0.946318957894954,1.06451978986768,"Si"
2021-02-01,0.805631153163559,0.915381958239344,1.03203920159081,"Si"
2021-02-02,0.823539783064691,0.934999949176856,1.05343127210698,"Si"
2021-02-03,0.862872078573474,0.97744407912945,1.09905437318675,"Si"
2021-02-04,0.847554276227906,0.961527060684712,1.0825851217413,"Si"
2021-02-05,0.835445071625715,0.949008888388481,1.06970444910017,"Si"
2021-02-06,0.834482033502462,0.948413007888836,1.06952824989627,"Si"
2021-02-07,0.876847453206852,0.994010398285314,1.11841349074804,"Si"
2021-02-08,0.888051845062251,1.00621392867662,1.13164911600263,"Si"
2021-02-09,0.828585854255487,0.942976339968256,1.06465564463903,"Si"
2021-02-10,0.869632588390299,0.987077242137609,1.11185247734145,"Si"
2021-02-11,0.88035734570038,0.998741242544167,1.12448463892195,"Si"
2021-02-12,0.882429695135089,1.00109226609104,1.12713166074461,"Si"
2021-02-13,0.84341724564118,0.959594507174196,1.08315889659183,"Si"
2021-02-14,0.788121213287326,0.900782200590685,1.02085980864271,"Si"
2021-02-15,0.769808642102051,0.881747706417967,1.00117448582394,"Si"
2021-02-16,0.784119657805016,0.897857922751539,1.01918668208784,"Si"
2021-02-17,0.715925065397501,0.82559646144621,0.942969223677514,"Si"
2021-02-18,0.707646687187123,0.817874399639143,0.935963725316207,"Si"
2021-02-19,0.724946723151086,0.837869203238103,0.958845491601722,"Si"
2021-02-20,0.742981329701803,0.858712998980336,0.982698832311784,"Si"
2021-02-21,0.785470172183991,0.90579507000023,1.03456944627988,"Si"
2021-02-22,0.805014699388964,0.927997256556666,1.05959398039596,"Si"
2021-02-23,0.813428787646488,0.938036620280295,1.07139468846236,"Si"
2021-02-24,0.872131816453826,1.00187577324373,1.1404852462139,"Si"
2021-02-25,0.88698326809145,1.01825816297017,1.158460137925,"Si"
2021-02-26,0.902641692246093,1.03521743905039,1.1767446635386,"Si"
2021-02-27,0.919663225641233,1.05339287653594,1.19606783647992,"Si"
2021-02-28,0.96018661792346,1.09646570877601,1.24165638555083,"Si"
2021-03-01,0.956400516961387,1.09182184180587,1.23607909857308,"Si"
2021-03-02,0.981047995201313,1.11740864102564,1.26251343537772,"Si"
2021-03-03,0.989364239191288,1.12534118403897,1.26994614100783,"Si"
2021-03-04,0.97848870141706,1.11267229121914,1.25535237179873,"Si"
2021-03-05,0.971785799297423,1.10446271571239,1.24550598271635,"Si"
2021-03-06,0.985939205517829,1.11852096424378,1.25934485232663,"Si"
2021-03-07,0.94232702264928,1.07098196256504,1.20774963498489,"Si"
2021-03-08,0.982045972007121,1.1124418608587,1.2508481233849,"Si"
2021-03-09,0.968001075805439,1.0965320858466,1.23295890785143,"Si"
2021-03-10,0.900599513030096,1.02382878810861,1.1548447461974,"Si"
2021-03-11,0.900730489584771,1.02343663867055,1.15386448459602,"Si"
2021-03-12,0.895449289622117,1.01743598298006,1.14709909900797,"Si"
2021-03-13,0.891754577646712,1.01323794189153,1.14236605513022,"Si"
2021-03-14,0.926938470302668,1.0505338117511,1.18175169503295,"Si"
2021-03-15,0.914752046064439,1.03723858379134,1.16730929505594,"Si"
2021-03-16,0.95141754666482,1.07594024214935,1.20800966525928,"Si"
2021-03-17,0.977474872105734,1.10313167902293,1.23627640572622,"Si"
2021-03-18,0.966661879889157,1.09092864997377,1.22260050721043,"Si"
2021-03-19,1.00993711289768,1.13610435547835,1.26958997290812,"Si"
2021-03-20,0.987207965855429,1.11099616028624,1.24198999757955,"Si"
2021-03-21,1.03576308243875,1.16147193838235,1.29427651122293,"Si"
2021-03-22,1.03000958108784,1.15415067581634,1.28525295915025,"Si"
2021-03-23,0.971916125646396,1.09135295493136,1.21761112142657,"Si"
2021-03-24,0.97288691068377,1.09138155340904,1.21658699911717,"Si"
2021-03-25,1.01810673548056,1.13833599959964,1.26517839399901,"Si"
2021-03-26,0.968236502586966,1.08452995359057,1.20732328907364,"Si"
2021-03-27,0.957580728063544,1.07239679459084,1.19361975789384,"Si"
2021-03-28,0.930063131153331,1.04254881097497,1.16136285845991,"Si"
2021-03-29,0.927859400307732,1.03968892483184,1.15778926897107,"Si"
2021-03-30,0.973820927432903,1.08787354450658,1.20815068463865,"Si"
2021-03-31,1.00717532758377,1.12251271945635,1.24401225289281,"Si"
2021-04-01,0.95090891115156,1.06227810322819,1.17972536805634,"Si"
2021-04-02,0.973556748537879,1.0855734600822,1.20360179564448,"Si"
2021-04-03,1.01285020402771,1.12636516851095,1.24582234026457,"Si"
2021-04-04,0.974496648506892,1.08505401154352,1.20146608321151,"Si"
2021-04-05,0.961679835579881,1.07078312174317,1.18566411401001,"Si"
2021-04-06,0.950594328309213,1.05843995550195,1.17199668783537,"Si"
2021-04-07,0.89878593557216,1.0031972999149,1.11326329360383,"Si"
2021-04-08,0.843675633819587,0.944661056192091,1.0512724909559,"Si"
2021-04-09,0.895620551825352,0.999664195643556,1.1093425540862,"Si"
2021-04-10,0.870825471534637,0.973491151005074,1.08179500814472,"Si"
2021-04-11,0.875743490650471,0.978817854643265,1.08754396719846,"Si"
2021-04-12,0.852775786283435,0.954676303646146,1.06224466073579,"Si"
2021-04-13,0.820057585395619,0.920293192196734,1.02622457255359,"Si"
2021-04-14,0.818457638816867,0.919036261503398,1.02535918187093,"Si"
2021-04-15,0.861663490483686,0.965335258800573,1.07481090772931,"Si"
2021-04-16,0.743230235245366,0.840112617995548,0.942844298712715,"Si"
2021-04-17,0.728793995918875,0.82556313259514,0.928276911788702,"Si"
2021-04-18,0.708247042088185,0.804731249229987,0.907287049384184,"Si"
2021-04-19,0.711029169141969,0.808970516876935,0.913139462434081,"Si"
2021-04-20,0.714887316899077,0.814479911405174,0.920472560288004,"Si"
2021-04-21,0.689685010662238,0.788992306049845,0.894881621813247,"Si"
2021-04-22,0.700985203777171,0.802664635018552,0.911129796222985,"Si"
2021-04-23,0.747012130119138,0.853541125305405,0.967067366979486,"Si"
2021-04-24,0.707172558780518,0.812376111934326,0.92476831437695,"Si"
2021-04-25,0.705704713514526,0.812359131857944,0.926409337837884,"Si"
2021-04-26,0.677802228343244,0.783982868816653,0.897776610694025,"Si"
2021-04-27,0.68404302842275,0.792446449084903,0.908706256275052,"Si"
2021-04-28,0.746164893630132,0.861099654171087,0.984146860535402,"Si"
2021-04-29,0.746257235986268,0.862829053125595,0.987736898216386,"Si"
2021-04-30,0.731425166369009,0.84836587726837,0.973851527999064,"Si"
2021-05-01,0.7538937769452,0.874070427163772,1.00300435608067,"Si"
2021-05-02,0.779735192202746,0.90330338679474,1.03582701372781,"Si"
2021-05-03,0.853056575580787,0.98337851771834,1.12282870500213,"Si"
2021-05-04,0.808419733210928,0.936161182756003,1.0731354984928,"Si"
2021-05-05,0.753496785574824,0.877704478686381,1.0112490696371,"Si"
2021-05-06,0.755800559946559,0.881179062871184,1.01603790320325,"Si"
2021-05-07,0.712106923481472,0.835015249077929,0.96756430220685,"Si"
2021-05-08,0.70813192823955,0.832065464476839,0.965845729615442,"Si"
2021-05-09,0.627033332137789,0.745387116493038,0.873821359351453,"Si"
2021-05-10,0.571676571036011,0.686788346791724,0.812302016448086,"Si"
2021-05-11,0.584546124329434,0.703342189912567,0.832963980357945,"Si"
2021-05-12,0.583163169293371,0.704536120826212,0.837212388026669,"Si"
2021-05-13,0.559043834133564,0.680844079428681,0.814468851392745,"Si"
2021-05-14,0.5629041551266,0.688230244814352,0.825964170914886,"Si"
2021-05-15,0.566464511806868,0.695461129240603,0.837492152047473,"Si"
2021-05-16,0.614794599155553,0.752435831400043,0.903772783131392,"Si"
2021-05-17,0.581815954273358,0.719126094698997,0.870764760430248,"Si"
2021-05-18,0.594807093415094,0.736941738016434,0.894075411100637,"Si"
2021-05-19,0.584719408041232,0.729049986742935,0.889061369010432,"Si"
2021-05-20,0.526341643177209,0.666943833013475,0.8239383660162,"Si"
2021-05-21,0.552938176727875,0.700645126196504,0.865572739202311,"Si"
2021-05-22,0.546867985870484,0.697677751283402,0.866573913704884,"Si"
2021-05-23,0.512571063273446,0.662750337841067,0.831930775399547,"Si"
2021-05-24,0.512283114595154,0.666664250321901,0.841067870844096,"Si"
2021-05-25,0.482023020141777,0.63642624135484,0.811953246396807,"Si"
2021-05-26,0.469197781983263,0.626374898908613,0.805909093054871,"Si"
2021-05-27,0.476232977540419,0.639611774148965,0.826714103840943,"Si"
2021-05-28,0.40303680906674,0.559220307139605,0.740582503790525,"Si"
2021-05-29,0.382713858184269,0.540816379914112,0.725827189132951,"Si"
2021-05-30,0.424051479492063,0.59633359243639,0.797526896918145,"Si"
2021-05-31,0.441167046688238,0.623417103993284,0.836685243003755,"Si"
2021-06-01,0.413419315369337,0.596970341315864,0.813710418930891,"Si"
2021-06-02,0.349927469003093,0.526608417436508,0.738823756524407,"Si"
2021-06-03,0.360637638819627,0.547244598687158,0.772142348553557,"Si"
2021-06-04,0.389306192402911,0.590747298937677,0.833523086198919,"Si"
2021-06-05,0.419323144555801,0.636296107954076,0.897790809356192,"Si"
2021-06-06,0.348373706801581,0.555890643621454,0.811113448589395,"Si"
2021-06-07,0.269379484388388,0.462424795710419,0.706775432705673,"Si"
2021-06-08,0.226289334828382,0.413911620988606,0.657244229264544,"Si"
2021-06-09,0.296657744454711,0.519007699824014,0.802522755602032,"Si"
2021-06-10,0.324592089648439,0.567879305288877,0.878091144089633,"Si"
2021-06-11,0.382761038717591,0.657058927619359,1.00425650222293,"Si"
2021-06-12,0.319090965834667,0.583657462299816,0.926781176250915,"Si"
2021-06-13,0.31150355582452,0.58502947412335,0.943318852117449,"Si"
2021-06-14,0.301230848287054,0.582973371995742,0.956175363320808,"Si"
2021-06-15,0.325304150445855,0.629562538458583,1.03258951070616,"Si"
2021-06-16,0.270790411373095,0.564689180652846,0.964760366259681,"Si"
2021-06-17,0.378262046497289,0.732052185221069,1.200689941939,"Si"
2021-06-18,0.357845250467597,0.716842614655656,1.19845371905532,"Si"
2021-06-19,0.479792772417405,0.90109055927972,1.45294510726548,"Si"
2021-06-20,0.554873216181606,1.01493281831895,1.6115970272545,"Si"
2021-06-21,0.570397371164988,1.04332844800482,1.65668603370182,"Si"
2021-06-22,0.579869574048531,1.06065429702388,1.68419749679553,"Si"
2021-06-23,0.585222094567936,1.07044472946403,1.69974358174941,"Si"
2021-06-24,0.421762423986936,0.844882748560273,1.41251768725291,"Si"
2021-06-25,0.375358016407494,0.782747844215896,1.33730930704507,"Si"
2021-06-26,0.278656792424737,0.645443734760891,1.16362818133763,"Si"
2021-06-27,0.347993792883632,0.76103528449167,1.33292702140954,"Si"
2021-06-28,0.486675666461389,0.974918227305231,1.62991757381782,"Si"
2021-06-29,0.567140238901236,1.09758897319725,1.80023237018698,"Si"
2021-06-30,0.575701494125458,1.11415760770119,1.8274077453886,"Si"
2021-07-01,0.646229513499691,1.21367254201967,1.95696155462942,"Si"
2021-07-02,0.574919086971528,1.11264341173025,1.82492420677053,"Si"
2021-07-03,0.44218073690101,0.922095715114056,1.57538240561194,"Si"
2021-07-04,0.321258779707875,0.744121342943335,1.34152756987322,"Si"
2021-07-05,0.210779699824275,0.574359189566278,1.116968959445,"Si"
2021-07-06,0.109915606250213,0.403409848262226,0.884201074684563,"Si"
2021-07-07,0.118921871454866,0.43646444536237,0.956650744431381,"Si"
2021-07-08,0.0740036810036772,0.358850891764676,0.864195204094666,"Si"
2021-07-09,0.216256392611113,0.666024655110717,1.36423011306431,"Si"
2021-07-10,0.32190417126703,0.877165206521669,1.70584248635375,"Si"
2021-07-11,0.541454629060114,1.25415388206812,2.2610317868359,"Si"
2021-07-12,0.773565315631045,1.61314413627187,2.75602505070142,"Si"
2021-07-13,1.09574111056507,2.05789254633851,3.31820689462185,"Si"
2021-07-14,1.23539957660749,2.20728306667757,3.45654952965997,"Si"
2021-07-15,1.41042955055593,2.3798156019625,3.59863113093342,"Si"
2021-07-16,1.23417892961831,2.08242820150878,3.1489376520195,"Si"
2021-07-17,1.16739573462252,1.93898516860718,2.90314659151733,"Si"
2021-07-18,1.18280342979535,1.9107807975756,2.8105199697471,"Si"
2021-07-19,1.31922037701997,2.03851647097716,2.91182488500271,"Si"
2021-07-20,1.00052324239478,1.59650828496605,2.3295037532637,"Si"
2021-07-21,1.02002459189373,1.5920002380652,2.289249437688,"Si"
2021-07-22,1.03996919960327,1.5920335932838,2.25976503924279,"Si"
2021-07-23,1.00987136524363,1.53241534024908,2.16218265583256,"Si"
2021-07-24,1.07104074369545,1.58744243340771,2.20383772840374,"Si"
2021-07-25,1.20082374573018,1.72399221612529,2.34027471279571,"Si"
2021-07-26,0.918851412942714,1.36187510278009,1.89068382557821,"Si"
2021-07-27,1.14883092281913,1.62342326395007,2.17878893504123,"Si"
2021-07-28,1.10354583542252,1.55189047623178,2.0754732109075,"Si"
2021-07-29,1.12326679315585,1.55855144477466,2.06400932963511,"Si"
2021-07-30,1.13551493138903,1.55676480522349,2.04344221968922,"Si"
2021-07-31,1.08601413406533,1.48337117461355,1.94171804988292,"Si"
2021-08-01,0.863200882320023,1.2082631129906,1.61044206476489,"Si"
2021-08-02,0.99804522262519,1.35832378047286,1.77326434716446,"Si"
2021-08-03,1.00044263844568,1.35230493903935,1.75636913376883,"Si"
2021-08-04,1.04647015842571,1.39702842780738,1.79745056065917,"Si"
2021-08-05,0.97470035906073,1.30508561301603,1.68294758705829,"Si"
2021-08-06,0.953666048363114,1.27313575974519,1.63804725773609,"Si"
2021-08-07,0.916695634167994,1.22378058300886,1.5745456937519,"Si"
2021-08-08,1.08032002384227,1.40588420403376,1.77367247991636,"Si"
2021-08-09,1.08925869259527,1.40840288935451,1.76792623242184,"Si"
2021-08-10,1.01911958245417,1.32048129083647,1.66028320377765,"Si"
2021-08-11,0.957100648198346,1.24279118344539,1.56522495330222,"Si"
2021-08-12,1.05302184025698,1.34582073632585,1.67399237708519,"Si"
2021-08-13,1.04089719645307,1.32562047924602,1.64424482953646,"Si"
2021-08-14,1.02777674946622,1.30447350035955,1.61365344922821,"Si"
2021-08-15,0.884045294735443,1.13621783389234,1.41955109301488,"Si"
2021-08-16,0.957909573246528,1.21579677171116,1.50395899471434,"Si"
2021-08-17,0.944016097768593,1.19619209848504,1.47776846307137,"Si"
2021-08-18,0.971965317168051,1.22391517681268,1.50446259970638,"Si"
2021-08-19,0.904984963424265,1.14488611409071,1.41256618998045,"Si"
2021-08-20,0.870963272552711,1.10362459619159,1.36341113219802,"Si"
2021-08-21,0.879934964703366,1.11143677917108,1.36956487670885,"Si"
2021-08-22,0.914639934902361,1.14833188303618,1.40820936531834,"Si"
2021-08-23,0.801269912891921,1.01869712752857,1.26182921104193,"Si"
2021-08-24,0.817485512534705,1.03586126659432,1.27969672582602,"Si"
2021-08-25,0.728987412264247,0.935139878808931,1.16657251877488,"Si"
2021-08-26,0.683228420827181,0.883408953743977,1.10891696906139,"Si"
2021-08-27,0.678222375236082,0.878778087424488,1.10491569136469,"Si"
2021-08-28,0.712213137421518,0.919000981043529,1.15174391106128,"Si"
2021-08-29,0.709918720281504,0.917919300206893,1.15223677993576,"Si"
2021-08-30,0.670373091784895,0.874368208548827,1.1050470179023,"Si"
2021-08-31,0.569641672207722,0.760466606076098,0.978434726342253,"Si"
2021-09-01,0.598321856964919,0.796455463579064,1.02249107176202,"Si"
2021-09-02,0.629648925608843,0.835813251726276,1.07072671748707,"Si"
2021-09-03,0.661385642989009,0.875556066138879,1.11930555869995,"Si"
2021-09-04,0.622512217537783,0.833519482662513,1.07484872112809,"Si"
2021-09-05,0.681933450627677,0.905217164118725,1.1596372763269,"Si"
2021-09-06,0.755362220284216,0.992270422657127,1.26099827149736,"Si"
2021-09-07,0.899524882901619,1.15837676382141,1.44946375538581,"Si"
2021-09-08,1.09159257875973,1.37455184916761,1.68962840530772,"Si"
2021-09-09,1.0914584597342,1.37032782026529,1.68044491192888,"Si"
2021-09-10,1.07908627424337,1.35094423701525,1.65288370331858,"Si"
2021-09-11,1.08921456601051,1.35629289592935,1.65221560416553,"Si"
2021-09-12,1.01559614302233,1.26797518376479,1.5479397375785,"Si"
2021-09-13,0.951046185595081,1.19064656295984,1.45675909220107,"Si"
2021-09-14,0.872468491948679,1.09862709062306,1.35045581604027,"Si"
2021-09-15,0.665377877541546,0.862135370330403,1.08399027284625,"Si"
2021-09-16,0.618603338142307,0.808715579216015,1.02391205590661,"Si"
2021-09-17,0.615450700571982,0.806508172487552,1.02299783536357,"Si"
2021-09-18,0.533328301557209,0.714105711469447,0.920861031671867,"Si"
2021-09-19,0.514410281013388,0.695331783127311,0.903094595277312,"Si"
2021-09-20,0.497513517066767,0.679546598012377,0.88951970867367,"Si"
2021-09-21,0.520771131840456,0.71131384142422,0.931102712970535,"Si"
2021-09-22,0.657093880696657,0.874689776535955,1.12292843475579,"Si"
2021-09-23,0.636682499979615,0.855105888476607,1.10524559874098,"Si"
2021-09-24,0.611662093605945,0.829573611504752,1.08017460138102,"Si"
2021-09-25,0.630194676159334,0.85470863556467,1.11290251632201,"Si"
2021-09-26,0.58515777454723,0.80533517985996,1.06012708398735,"Si"
2021-09-27,0.619130228792213,0.848813277034287,1.11417015666385,"Si"
2021-09-28,0.603638523624918,0.834094773848985,1.10123396891035,"Si"
2021-09-29,0.5870205441508,0.818013407302655,1.08673374376034,"Si"
2021-09-30,0.569847162183748,0.801362621754695,1.07172940303943,"Si"
2021-10-01,0.605897556999485,0.848103475527016,1.13040073604617,"Si"
2021-10-02,0.679098592719073,0.938363879948693,1.23889779938258,"Si"
2021-10-03,0.636735597100303,0.891268939202862,1.18793413063653,"Si"
2021-10-04,0.649944004597996,0.909757372066735,1.212576569585,"Si"
2021-10-05,0.603708645701334,0.857428291788561,1.15495995260697,"Si"
2021-10-06,0.479383136256156,0.710517444674807,0.986407518351366,"Si"
2021-10-07,0.577176408317778,0.833432751358292,1.13602446607921,"Si"
2021-10-08,0.59548570352577,0.859871056979797,1.17206164121873,"Si"
2021-10-09,0.590911860999557,0.858441836779189,1.17514059450155,"Si"
2021-10-10,0.651436556263361,0.935250952765427,1.26957890784117,"Si"
2021-10-11,0.642098910847532,0.927179722178082,1.26380784428043,"Si"
2021-10-12,0.699921657435147,0.999334584834413,1.35122603526565,"Si"
2021-10-13,0.70761953126842,1.01032545998389,1.36608708068297,"Si"
2021-10-14,0.712444197474839,1.01721402493846,1.37540128680923,"Si"
2021-10-15,0.644493012635526,0.936281367956175,1.28169690271486,"Si"
2021-10-16,0.650133072628635,0.94447491386307,1.29291323444006,"Si"
2021-10-17,0.753176787654045,1.06971316553331,1.44090867866076,"Si"
2021-10-18,0.778648576485859,1.10031527564284,1.47672809726422,"Si"
2021-10-19,0.750883855701215,1.06645658681525,1.43652205176974,"Si"
2021-10-20,0.843696545893834,1.17569153773739,1.56191042213565,"Si"
2021-10-21,0.689573540389028,0.990003254269229,1.34390373685038,"Si"
2021-10-22,0.686864365786035,0.986113760957416,1.33862385057358,"Si"
2021-10-23,0.687161923513875,0.986540957045492,1.33920375818162,"Si"
2021-10-24,0.595271639266078,0.876106173856861,1.21035100578477,"Si"
2021-10-25,0.508986281178603,0.772354194899122,1.08976385220665,"Si"
2021-10-26,0.56935752601323,0.850148101314611,1.18633172019161,"Si"
2021-10-27,0.608326563768313,0.901630872942326,1.25172925522619,"Si"
2021-10-28,0.774435465468619,1.10572395659415,1.49507784543906,"Si"
2021-10-29,0.882160803294163,1.23480221137138,1.6458148903803,"Si"
2021-10-30,0.897218624090573,1.2502745791452,1.6609942599879,"Si"
2021-10-31,1.03051340934897,1.40251246965845,1.83095179120925,"Si"
2021-11-01,1.11631301539562,1.49469941451473,1.92746035045297,"Si"
2021-11-02,1.08428307452959,1.44750833715795,1.86239923282514,"Si"
2021-11-03,1.04958915517101,1.39715941749108,1.7936759750422,"Si"
2021-11-04,1.1027897088195,1.44866341086071,1.84099214827453,"Si"
2021-11-05,1.04321246233848,1.37040064108091,1.7415341626675,"Si"
2021-11-06,1.18448523796697,1.52235780154571,1.90198095530748,"Si"
2021-11-07,1.1148760938253,1.43289275778976,1.79020643737431,"Si"
2021-11-08,1.05206564368059,1.35216572487164,1.68934888665079,"Si"
2021-11-09,1.0155988460335,1.30280299195892,1.62522655940279,"Si"
2021-11-10,0.95473517971163,1.22707189811738,1.53306100487191,"Si"
2021-11-11,0.829272763739301,1.07918158846117,1.36150237608048,"Si"
2021-11-12,0.854294138862343,1.10459557652519,1.38656595404389,"Si"
2021-11-13,0.652128586808604,0.870585909232253,1.12011688488507,"Si"
2021-11-14,0.667009874186702,0.887889440061574,1.13987418843869,"Si"
2021-11-15,0.701738785961459,0.928976395853967,1.18759778384707,"Si"
2021-11-16,0.781937549120077,1.02224646870871,1.29426279191195,"Si"
2021-11-17,0.799957050956125,1.0433846795643,1.3186539919962,"Si"
2021-11-18,0.933233677416064,1.19490878848249,1.48843205402433,"Si"
2021-11-19,0.950420874958804,1.21251840653752,1.50604891593513,"Si"
2021-11-20,1.00333380190848,1.26930610344775,1.56607619255662,"Si"
2021-11-21,0.947274922241253,1.20229907347158,1.48726213784838,"Si"
2021-11-22,0.990383171512978,1.24710725070556,1.53297079083147,"Si"
2021-11-23,0.974233016835735,1.22494236754644,1.50392454803141,"Si"
2021-11-24,1.07516783695512,1.33372158454036,1.61971548937132,"Si"
2021-11-25,0.985182866538284,1.22836277693463,1.49796298191009,"Si"
2021-11-26,0.976748851386472,1.21468334454042,1.47816379621126,"Si"
2021-11-27,0.958489009998717,1.19046605845298,1.4472048439203,"Si"
2021-11-28,1.00029243514997,1.23350866920539,1.49079608195561,"Si"
2021-11-29,1.08198344891164,1.32025819101867,1.58189075256488,"Si"
2021-11-30,1.150479308098,1.39110206365212,1.65423378058324,"Si"
2021-12-01,1.06876108780051,1.29566165030196,1.54407823604054,"Si"
2021-12-02,1.14398146034451,1.37328305633506,1.62321901344238,"Si"
2021-12-03,1.21587626604563,1.44631241986005,1.69644884200262,"Si"
2021-12-04,1.2069923477644,1.43032120877528,1.67232675287619,"Si"
2021-12-05,1.22795396959254,1.44674743005096,1.6832138450984,"Si"
2021-12-06,1.18376936259782,1.39242081125363,1.61775876568959,"Si"
2021-12-07,1.12851979298756,1.32672658283966,1.54073266158288,"Si"
2021-12-08,1.133259411063,1.32687401991309,1.53553306460494,"Si"
2021-12-09,1.14476643052726,1.33466983741019,1.53893255095317,"Si"
2021-12-10,1.14692414345546,1.33251106724357,1.53181100889888,"Si"
2021-12-11,1.17291377361928,1.35613302208371,1.5524542433399,"Si"
2021-12-12,1.17427987823522,1.35318853054465,1.5445969505592,"Si"
2021-12-13,1.13744831011127,1.30935291211748,1.49317797602228,"Si"
2021-12-14,1.16652277924651,1.33657089577238,1.51802015096838,"Si"
2021-12-15,1.12020062347093,1.283090727296,1.45687671180299,"Si"
2021-12-16,1.12595901776771,1.285766151521,1.45602342105466,"Si"
2021-12-17,1.06142097558128,1.21351541055606,1.37564498309946,"Si"
2021-12-18,1.00126464082282,1.14650025871088,1.30142839426917,"Si"
2021-12-19,0.927690628921238,1.06569987316893,1.21313940779912,"Si"
2021-12-20,0.883576959701094,1.01711352945029,1.15990998854034,"Si"
2021-12-21,0.829377249799094,0.958202891209508,1.09619251774715,"Si"
2021-12-22,0.899518429075678,1.03333659508212,1.17629867148945,"Si"
2021-12-23,0.824424135644298,0.952480418951236,1.08964595925721,"Si"
2021-12-24,0.803555338028247,0.930160970581428,1.06589277809554,"Si"
2021-12-25,0.880718318709689,1.01346898773516,1.15540223419037,"Si"
2021-12-26,0.914290668421494,1.04960710076399,1.19412544965155,"Si"
2021-12-27,0.957524882923548,1.09573508764135,1.24312669070873,"Si"
2021-12-28,1.04476358467136,1.18835454410188,1.34105664027581,"Si"
2021-12-29,1.09808110442393,1.24388411744361,1.39864398199795,"Si"
2021-12-30,1.15286411121459,1.3002031724242,1.45627398452388,"Si"
2021-12-31,1.19474302066222,1.34209363286695,1.497888523662,"Si"
2022-01-01,1.2366216059125,1.38339110171181,1.53827199663995,"Si"
2022-01-02,1.22319919872912,1.36575862278032,1.51606237935102,"Si"
2022-01-03,1.25095274857664,1.39157759297383,1.53958490847398,"Si"
2022-01-04,1.25254391564381,1.38965133699409,1.5337772103422,"Si"
2022-01-05,1.28311859289568,1.41822067636806,1.55998793114255,"Si"
2022-01-06,1.23441702686959,1.36336072938868,1.49861780071715,"Si"
2022-01-07,1.19658385016908,1.3202790906465,1.44997092788594,"Si"
2022-01-08,1.14692816688945,1.26518549287403,1.3891617608856,"Si"
2022-01-09,1.10552359479595,1.2192201632506,1.33840172257273,"Si"
2022-01-10,1.07971498008182,1.19005448607858,1.30568494609261,"Si"
2022-01-11,1.0335312221977,1.13982380058117,1.25124418387237,"Si"
2022-01-12,0.899600229206427,0.997650369584353,1.10069917438699,"Si"
2022-01-13,0.908299119582348,1.00618432271711,1.10900648315826,"Si"
2022-01-14,0.904363708093217,1.00168881991314,1.10391613371125,"Si"
2022-01-15,0.876380484111727,0.972036602710461,1.07257596573977,"Si"
2022-01-16,0.910711015456689,1.00817699943421,1.11052647219212,"Si"
2022-01-17,0.907636727518534,1.00490796951454,1.10705934435951,"Si"
2022-01-18,0.899750209890893,0.996578829841005,1.09828464379982,"Si"
2022-01-19,0.926746181537005,1.0249838294944,1.12809906996774,"Si"
2022-01-20,0.934945942582891,1.03352010795081,1.13696355875532,"Si"
2022-01-21,0.927159458407806,1.02517575178868,1.12804616285059,"Si"
2022-01-22,0.958233190532984,1.05767489459533,1.16195527381204,"Si"
2022-01-23,0.902061028666921,0.998335985476494,1.09942215711208,"Si"
2022-01-24,0.928784437853682,1.02631751784678,1.12865013823355,"Si"
2022-01-25,0.928291523993137,1.02564343887276,1.12777993017016,"Si"
2022-01-26,0.93481881142863,1.03233902123003,1.13462806674642,"Si"
2022-01-27,0.907340142688919,1.00326120223866,1.10393261599058,"Si"
2022-01-28,0.874597586207675,0.968719350618775,1.06758196650241,"Si"
2022-01-29,0.81157669234013,0.902397150641226,0.997965038065945,"Si"
2022-01-30,0.856421892128985,0.950033763467831,1.0484310339677,"Si"
2022-01-31,0.792886119821427,0.883399999501918,0.97873544320903,"Si"
2022-02-01,0.756568317666529,0.845615851554165,0.939546018253098,"Si"
2022-02-02,0.737940920078992,0.826726903172038,0.920483412515806,"Si"
2022-02-03,0.71379825895735,0.802153396421319,0.89558933008845,"Si"
2022-02-04,0.719624317534146,0.809523990174927,0.904638324638697,"Si"
2022-02-05,0.7130897713405,0.803873052993039,0.900016881998134,"Si"
2022-02-06,0.690202237584815,0.78090558174437,0.877127122337949,"Si"
2022-02-07,0.672777324918139,0.763832880379973,0.860583408121252,"Si"
2022-02-08,0.664072596428816,0.756165884852772,0.854152115802218,"Si"
2022-02-09,0.643239063079772,0.735633962665679,0.834138842992687,"Si"
2022-02-10,0.653069663940124,0.748033533032252,0.849349629561302,"Si"
2022-02-11,0.633711722156086,0.7292310877675,0.831357681630242,"Si"
2022-02-12,0.640050262395408,0.738098520810934,0.843031943169192,"Si"
2022-02-13,0.621347330306687,0.720103819836795,0.826037044784172,"Si"
2022-02-14,0.615683229450778,0.716228562337044,0.824266801087827,"Si"
2022-02-15,0.578497850233107,0.678345499214926,0.786025034067124,"Si"
2022-02-16,0.594863531864254,0.698608603433176,0.810569737590366,"Si"
2022-02-17,0.607445145082607,0.714897701317189,0.830971998458186,"Si"
2022-02-18,0.619254294914362,0.730403718228007,0.850592071847132,"Si"
2022-02-19,0.638979044659449,0.754525148827208,0.879532307586348,"Si"
2022-02-20,0.638254207149526,0.756349889679844,0.884321750447649,"Si"
2022-02-21,0.625349759462086,0.744848886923021,0.874641658135867,"Si"
2022-02-22,0.683003473198391,0.810378713724618,0.948483544386976,"Si"
2022-02-23,0.659800002199198,0.78748230762769,0.926290954985182,"Si"
2022-02-24,0.633613877194328,0.761197238560919,0.900309468974234,"Si"
2022-02-25,0.605728826464119,0.733044466509373,0.87232344356341,"Si"
2022-02-26,0.606477254235234,0.736555176996231,0.879082762588693,"Si"
2022-02-27,0.576056400279975,0.70575046081942,0.848415111352574,"Si"
2022-02-28,0.608526993286717,0.744765023557419,0.894559150468663,"Si"
2022-03-01,0.608113801239111,0.747399177313848,0.900832363932122,"Si"
2022-03-02,0.59209295563423,0.732696006712313,0.888053150130549,"Si"
2022-03-03,0.617967805435679,0.764715301897973,0.926861654195113,"Si"
2022-03-04,0.704684659215759,0.864240273156829,1.03983488088381,"Si"
2022-03-05,0.68029277387125,0.839864293118203,1.01599585264943,"Si"
2022-03-06,0.741326202264398,0.910142730950503,1.09601725008904,"Si"
2022-03-07,0.800029021244041,0.977172798037061,1.17176755938291,"Si"
2022-03-08,0.862353184696586,1.04731166445542,1.24997238500918,"Si"
2022-03-09,0.883509162391457,1.07108029331124,1.27643800336946,"Si"
2022-03-10,0.881945066483024,1.06918413606049,1.27417829679999,"Si"
2022-03-11,0.919966841849506,1.11051167090398,1.31872350789147,"Si"
2022-03-12,0.919396805532582,1.10891025547852,1.31591831252274,"Si"
2022-03-13,0.908400297996324,1.09564705953524,1.30017918274365,"Si"
2022-03-14,0.889121879500633,1.07327805647484,1.2745088959086,"Si"
2022-03-15,0.830873160642661,1.00816804553765,1.20235283887355,"Si"
2022-03-16,0.866657490360362,1.04703372656976,1.24420818273725,"Si"
2022-03-17,0.877616853533366,1.05851828438777,1.25611931865932,"Si"
2022-03-18,0.847783379546384,1.02509727946926,1.21899793867756,"Si"
2022-03-19,0.812139517365633,0.985436945987156,1.17524346737916,"Si"
2022-03-20,0.83522372040855,1.01077594427335,1.2028241023061,"Si"
2022-03-21,0.81867168246558,0.992477659662717,1.18276492453451,"Si"
2022-03-22,0.874616436648876,1.0540424025647,1.24996001114154,"Si"
2022-03-23,0.879666500037796,1.05927817272769,1.2553276391246,"Si"
2022-03-24,0.851372231258914,1.02770964787799,1.22039678416019,"Si"
2022-03-25,0.879242027374944,1.05792851454874,1.25289845974152,"Si"
2022-03-26,0.936589080091421,1.12019073745326,1.31998183042332,"Si"
2022-03-27,0.926181948681287,1.10774347273825,1.30531453965493,"Si"
2022-03-28,0.945045050427354,1.12715385866275,1.32507032613385,"Si"
2022-03-29,0.870817245372639,1.0445775580713,1.23390972909665,"Si"
2022-03-30,0.89186700012844,1.06670168788065,1.25695276653106,"Si"
2022-03-31,0.890741357219428,1.06459921236407,1.2537265758331,"Si"
2022-04-01,0.911949769093538,1.08694406002164,1.27707006506313,"Si"
2022-04-02,0.851806817813791,1.02026215398797,1.20369119871812,"Si"
2022-04-03,0.796369928234631,0.958973977478305,1.13645930797371,"Si"
2022-04-04,0.81809395211827,0.982823892673087,1.16243939426336,"Si"
2022-04-05,0.819369354597956,0.984356107923626,1.16425162876538,"Si"
2022-04-06,0.821231043115134,0.986592662723548,1.16689692404793,"Si"
2022-04-07,0.873903207866184,1.04447453712154,1.23002672720599,"Si"
2022-04-08,0.814778743948769,0.979597771334489,1.15937307885468,"Si"
2022-04-09,0.85921090586207,1.02838253234307,1.2125310102486,"Si"
2022-04-10,0.894449710442613,1.06680887016896,1.25412938673195,"Si"
2022-04-11,0.825365998059974,0.990803767107815,1.1711289278205,"Si"
2022-04-12,0.810117270230792,0.973993342771303,1.15274012828184,"Si"
2022-04-13,0.840239962068731,1.00714861327349,1.18895392757543,"Si"
2022-04-14,0.790518312808181,0.952691702086362,1.12977099180906,"Si"
2022-04-15,0.829992537474071,0.996357657976757,1.17769362052203,"Si"
2022-04-16,0.875740802360997,1.04667079941022,1.23261315819977,"Si"
2022-04-17,0.867108319185391,1.03708950719918,1.22205911926915,"Si"
2022-04-18,0.92243424464644,1.09725647402866,1.28702446939225,"Si"
2022-04-19,0.972544539796967,1.15110197530705,1.3444857381329,"Si"
2022-04-20,0.909038760606391,1.08062162858019,1.26681859605142,"Si"
2022-04-21,0.897981157704419,1.06747688121194,1.25140893741967,"Si"
2022-04-22,0.881626148310953,1.04871431706,1.23008705749769,"Si"
2022-04-23,0.833112550099761,0.995023699325733,1.17109919096019,"Si"
2022-04-24,0.898560546856919,1.0661356328917,1.2478265862077,"Si"
2022-04-25,0.879223243416941,1.04450860285846,1.22381954583728,"Si"
2022-04-26,0.873993486519757,1.03829570288014,1.21654007642075,"Si"
2022-04-27,0.835743131423687,0.996114109780189,1.17035232794037,"Si"
2022-04-28,0.840790135854255,1.00145812379555,1.17596603731073,"Si"
2022-04-29,0.820039976471103,0.978731389611999,1.15125130403094,"Si"
2022-04-30,0.821285260104249,0.980217656398619,1.15299955344278,"Si"
2022-05-01,0.789836961856017,0.946036992367316,1.11612137814114,"Si"
2022-05-02,0.733764367843528,0.885013769582396,1.05022549883958,"Si"
2022-05-03,0.701689828575044,0.850660275406035,1.01375696132752,"Si"
2022-05-04,0.679460228806881,0.827495888059286,0.98990304218466,"Si"
2022-05-05,0.680416882080994,0.830258506059805,0.994788945002473,"Si"
2022-05-06,0.625244542002346,0.771019089850072,0.931839610824883,"Si"
2022-05-07,0.600066617982375,0.745296956007499,0.906029497636211,"Si"
2022-05-08,0.583376919594377,0.729338826996399,0.891352257056637,"Si"
2022-05-09,0.645933382001095,0.802264563570815,0.975282877038995,"Si"
2022-05-10,0.685584067638379,0.849410708034745,1.0305254659935,"Si"
2022-05-11,0.715132515079275,0.884953507861707,1.07259455923886,"Si"
2022-05-12,0.733286772986368,0.907418818665995,1.09982330055264,"Si"
2022-05-13,0.784079275971371,0.965795259730762,1.16616598305569,"Si"
2022-05-14,0.849215583853296,1.0393393740807,1.24838105726991,"Si"
2022-05-15,0.826352367265429,1.01453125219784,1.22172458818851,"Si"
2022-05-16,0.828494170407407,1.01716079173771,1.22489114723192,"Si"
2022-05-17,0.801952408838758,0.987810619055845,1.19274880471586,"Si"
2022-05-18,0.785450516289484,0.969688151895088,1.17304563220673,"Si"
2022-05-19,0.733874372033906,0.912645021726194,1.11060947363077,"Si"
2022-05-20,0.749698495732882,0.931143293176041,1.13195590474829,"Si"
2022-05-21,0.628075215753599,0.795853600499625,0.983192710877833,"Si"
2022-05-22,0.622625388550819,0.791576826532654,0.980502188050741,"Si"
2022-05-23,0.515173034328542,0.671940638188754,0.849214314036198,"Si"
2022-05-24,0.466803271219952,0.619647464112709,0.793805427083451,"Si"
2022-05-25,0.510915665574711,0.674573875321101,0.860622036632931,"Si"
2022-05-26,0.494295594013302,0.659880256514296,0.849017896436878,"Si"
2022-05-27,0.442230500794834,0.604036316689883,0.790677504709567,"Si"
2022-05-28,0.541022115690253,0.724407427315671,0.934145407541964,"Si"
2022-05-29,0.57041299617205,0.763760665379142,0.984892604799617,"Si"
2022-05-30,0.691418079402,0.908271146553844,1.15425021214311,"Si"
2022-05-31,0.728318212221369,0.954413716293037,1.2106054211424,"Si"
2022-06-01,0.659662914744328,0.878109543304575,1.12731873797841,"Si"
2022-06-02,0.703267819041405,0.931000561637826,1.19018546509471,"Si"
2022-06-03,0.701111620656482,0.930674792968699,1.19225002004356,"Si"
2022-06-04,0.69714956262612,0.928009852258973,1.19138085157702,"Si"
2022-06-05,0.737565108953494,0.976404027154468,1.2482289797278,"Si"
2022-06-06,0.684107765357269,0.91599350920593,1.18120148648075,"Si"
2022-06-07,0.708304150007065,0.945579790428447,1.21660582606837,"Si"
2022-06-08,0.826354030479689,1.08288328915786,1.37355987025287,"Si"
2022-06-09,0.795486098221167,1.04759933764331,1.33388496190738,"Si"
2022-06-10,0.888835295630164,1.15414890902396,1.45358504010518,"Si"
2022-06-11,0.957685799355473,1.2308641774048,1.53779894688171,"Si"
2022-06-12,0.907206519521821,1.17060980434598,1.46707429284045,"Si"
2022-06-13,0.888262192663468,1.14616507838787,1.43643878225825,"Si"
2022-06-14,0.885552994579691,1.1403842534568,1.42694993047459,"Si"
2022-06-15,0.839897309117316,1.0859805893341,1.36319911461174,"Si"
2022-06-16,0.884778217867497,1.13498721858516,1.41587898063828,"Si"
2022-06-17,0.786179351835334,1.02085059591903,1.28570338091404,"Si"
2022-06-18,0.835042787762105,1.07533897119116,1.34555950376069,"Si"
2022-06-19,0.827380680244865,1.06547197642694,1.33321304470523,"Si"
2022-06-20,0.944064396037172,1.19625329872027,1.47784406947077,"Si"
2022-06-21,0.995352280634576,1.2514964675939,1.53652637810138,"Si"
2022-06-22,1.0897108645532,1.35344671065114,1.64533429721441,"Si"
2022-06-23,1.06306285296262,1.31870562342583,1.60147961084396,"Si"
2022-06-24,1.07144335569059,1.32276433192509,1.60016693920734,"Si"
2022-06-25,1.00434296451766,1.24284214576316,1.50636808792291,"Si"
2022-06-26,1.02571775436952,1.26203251629775,1.52247791546689,"Si"
2022-06-27,1.03384600519364,1.26660739161496,1.52264704149015,"Si"
2022-06-28,1.02944681236986,1.25738866386315,1.50778577628272,"Si"
2022-06-29,0.983326215059686,1.20225590015532,1.44286059103256,"Si"
2022-06-30,1.07396267775738,1.29858197952603,1.5442132058585,"Si"
2022-07-01,1.15280248015647,1.38078343226436,1.6290292237695,"Si"
2022-07-02,1.11234557276408,1.33135735260717,1.56975835838112,"Si"
2022-07-03,1.10018998233962,1.31309509432239,1.54455293423722,"Si"
2022-07-04,1.09680281704909,1.3046718492127,1.53031185890285,"Si"
2022-07-05,1.11766917426785,1.3228712327233,1.54511202650689,"Si"
2022-07-06,1.08647285531238,1.28442667684685,1.49870210981061,"Si"
2022-07-07,1.10417139387903,1.29949115197385,1.510482909016,"Si"
2022-07-08,1.08204750620115,1.27142178586912,1.47584217209859,"Si"
2022-07-09,1.1044371741293,1.29186965418043,1.49377641199008,"Si"
2022-07-10,1.04138992574878,1.21991059052218,1.41234619948676,"Si"
2022-07-11,0.999539080048579,1.17146867134564,1.35684160145599,"Si"
2022-07-12,0.983784062145525,1.15186117187505,1.33299837716666,"Si"
2022-07-13,0.959493867858934,1.12342105708502,1.30008588060265,"Si"
2022-07-14,0.95167999718666,1.113188271506,1.28716885383812,"Si"
2022-07-15,0.898445561934281,1.05405027208696,1.22189922120381,"Si"
2022-07-16,0.887002386801209,1.04062521621982,1.20633633417357,"Si"
2022-07-17,0.902223957880274,1.056366722542,1.22248684235889,"Si"
2022-07-18,0.952538895628695,1.1100532334082,1.27944285066135,"Si"
2022-07-19,0.929624618584772,1.08433173735635,1.25077148666175,"Si"
2022-07-20,0.969899462587248,1.12684153994469,1.295380067456,"Si"
2022-07-21,0.944518964476927,1.09829084081926,1.26348950439833,"Si"
2022-07-22,0.992159633846393,1.14848116155235,1.31607088944211,"Si"
2022-07-23,0.942413383273944,1.09353633068493,1.25573250970847,"Si"
2022-07-24,0.923082425061761,1.07154942015898,1.23092531961175,"Si"
2022-07-25,0.822134859617609,0.961658210772557,1.11195610718169,"Si"
2022-07-26,0.84061902469261,0.981418442704222,1.13295966694123,"Si"
2022-07-27,0.793233109466391,0.930143663313467,1.07779325651815,"Si"
2022-07-28,0.755284772994312,0.889371672396462,1.03425321102748,"Si"
2022-07-29,0.726417223748739,0.858769417148157,1.00203426207274,"Si"
2022-07-30,0.727424906451564,0.860978816331386,1.00562223349787,"Si"
2022-07-31,0.686330020547215,0.817481967701054,0.959931331413959,"Si"
2022-08-01,0.758599576544248,0.897877100013823,1.04871938495519,"Si"
2022-08-02,0.739347959138717,0.878338134948533,1.02912256965866,"Si"
2022-08-03,0.701618119052715,0.838562272729275,0.987533895011153,"Si"
2022-08-04,0.687918350680066,0.825183555704991,0.974750041112271,"Si"
2022-08-05,0.717459330550804,0.859345789066631,1.0138442937551,"Si"
2022-08-06,0.728368953583129,0.873055096958966,1.03065453582393,"Si"
2022-08-07,0.814797564091467,0.969220199066682,1.13684461377392,"Si"
2022-08-08,0.768048218888836,0.919270655101856,1.083880891659,"Si"
2022-08-09,0.765739741030389,0.917849368183318,1.0835348396869,"Si"
2022-08-10,0.816220889699923,0.974173245850897,1.14588970124122,"Si"
2022-08-11,0.803758820520825,0.96132146427108,1.13277750262304,"Si"
2022-08-12,0.722691915948262,0.873104794377896,1.0375254416217,"Si"
2022-08-13,0.692122813016395,0.840570091432793,1.00322515027269,"Si"
2022-08-14,0.684859307835224,0.83407127761977,0.997768940037927,"Si"
2022-08-15,0.665051619877969,0.813944477089027,0.977652624549284,"Si"
2022-08-16,0.58839956147124,0.730806195410695,0.888413624609947,"Si"
2022-08-17,0.608680529612445,0.755995638328464,0.91903548362676,"Si"
2022-08-18,0.592464857280101,0.740700582302267,0.905237883134871,"Si"
2022-08-19,0.623840364511375,0.778866783086841,0.950837886464267,"Si"
2022-08-20,0.655806665995737,0.817684233796471,0.997148998747143,"Si"
2022-08-21,0.66965539812108,0.836067005891526,1.0206677214732,"Si"
2022-08-22,0.717033696291025,0.891701983700967,1.08512362109916,"Si"
2022-08-23,0.780521667916886,0.964726894741188,1.16815422159245,"Si"
2022-08-24,0.682285724480362,0.856610804824387,1.05046927252178,"Si"
2022-08-25,0.705533526521535,0.884527188164586,1.08345090623563,"Si"
2022-08-26,0.729015988307617,0.912679524894065,1.11666571551681,"Si"
2022-08-27,0.663772495835983,0.841086732088046,1.03907344728462,"Si"
2022-08-28,0.599140672958938,0.770044613867804,0.962066991627453,"Si"
2022-08-29,0.525925953152044,0.689191805202632,0.874190428471434,"Si"
2022-08-30,0.463724750101247,0.62090928163789,0.800681401199196,"Si"
2022-08-31,0.476325783564341,0.639736418657874,0.826875209964449,"Si"
2022-09-01,0.445704938423302,0.608782001358616,0.796889558535362,"Si"
2022-09-02,0.389241199956992,0.547380717484206,0.732058114090852,"Si"
2022-09-03,0.466866837752355,0.645106589808388,0.85171770947163,"Si"
2022-09-04,0.456754742413538,0.639341222009082,0.852150484933017,"Si"
2022-09-05,0.543984682675704,0.748669882413638,0.98553402255485,"Si"
2022-09-06,0.6045722594649,0.825776603205123,1.08093332475071,"Si"
2022-09-07,0.647198565430885,0.880827022848075,1.14990194391779,"Si"
2022-09-08,0.619396463040073,0.852456864907874,1.12215712540576,"Si"
2022-09-09,0.655379588094742,0.898510313342781,1.17940353157409,"Si"
2022-09-10,0.654315517612618,0.900514917484342,1.18541978226481,"Si"
2022-09-11,0.722308901688977,0.983051003872021,1.2833532929856,"Si"
2022-09-12,0.606046647798506,0.848312164971886,1.13067888925376,"Si"
2022-09-13,0.636680782115217,0.887214972511073,1.17866827119186,"Si"
2022-09-14,0.630796215495101,0.882955305778098,1.17685324532742,"Si"
2022-09-15,0.662748034028833,0.923539700443247,1.22692580245529,"Si"
2022-09-16,0.654987140120365,0.916816487447983,1.22198536161694,"Si"
2022-09-17,0.705396048017927,0.97874880346804,1.29616938119057,"Si"
2022-09-18,0.653721983737968,0.919313804739132,1.22947540652897,"Si"
2022-09-19,0.642493430963481,0.907913220338542,1.21850617912058,"Si"
2022-09-20,0.57115264778555,0.824734545330553,1.12416823071721,"Si"
2022-09-21,0.625375251823034,0.892898670883313,1.20731129419637,"Si"
2022-09-22,0.575111152655409,0.83548750130449,1.14371788153438,"Si"
2022-09-23,0.546437430541449,0.804233185229667,1.11105762483446,"Si"
2022-09-24,0.540371000635883,0.80091057342288,1.11189980917782,"Si"
2022-09-25,0.625628908880522,0.908876712633727,1.24418204548405,"Sottostima"
2022-09-26,0.687990076376354,0.987729915120106,1.34081773792617,"Sottostima"
2022-09-27,0.603587160357363,0.888344753500759,1.22725874781808,"Sottostima"
2022-09-28,0.687232492971437,0.992351834180746,1.35264178273607,"Forte sottostima"
2022-09-29,0.794034715074481,1.12205756585369,1.50590832548061,"Forte sottostima"
2022-09-30,0.694466985216274,1.00279831586192,1.36688103449924,"Forte sottostima"
2022-10-01,0.573755655175601,0.856715259885269,1.19549580408693,"Forte sottostima"
